order_id,user_id,product_id,order_date,quantity,total_amount,payment_method,delivery_status
O00001,U0122,P0076,2025-04-08,1,933.0,Credit Card,In Transit
O00002,U0009,P0080,2024-09-06,1,3464.1,Credit Card,Returned
O00003,U0027,P0099,2024-06-25,1,3814.0,UPI,Cancelled
O00004,U0121,P0028,2024-12-28,1,4636.95,Net Banking,Cancelled
O00005,U0124,P0002,2024-12-29,1,374.4,Cash on Delivery,In Transit
O00006,U0098,P0042,2025-04-11,2,4206.0,Cash on Delivery,Cancelled
O00007,U0120,P0005,2025-03-13,2,7326.0,UPI,Cancelled
O00008,U0001,P0074,2024-06-24,2,6460.0,Debit Card,Returned
O00009,U0008,P0017,2024-11-13,1,4032.4,Credit Card,In Transit
O00010,U0018,P0041,2024-10-26,3,9909.0,Net Banking,Returned
O00011,U0163,P0099,2024-06-19,3,11442.0,Net Banking,Returned
O00012,U0168,P0090,2024-10-18,2,3192.0,Credit Card,Delivered
O00013,U0199,P0032,2024-06-25,2,497.6,Cash on Delivery,Returned
O00014,U0120,P0082,2024-12-29,1,326.4,Cash on Delivery,Cancelled
O00015,U0172,P0033,2025-05-18,1,1473.6,Cash on Delivery,Delivered
O00016,U0141,P0018,2025-02-23,3,9447.75,UPI,Cancelled
O00017,U0083,P0028,2025-05-17,3,13910.85,Net Banking,In Transit
O00018,U0118,P0065,2024-11-28,2,2403.5,Debit Card,Delivered
O00019,U0015,P0039,2024-12-28,1,1403.2,Net Banking,Cancelled
O00020,U0093,P0043,2024-08-15,2,7992.0,Credit Card,Cancelled
O00021,U0074,P0093,2024-09-06,2,4758.3,Debit Card,Delivered
O00022,U0185,P0084,2024-12-16,3,6774.0,Debit Card,Delivered
O00023,U0020,P0063,2024-08-03,3,4941.9,Debit Card,Returned
O00024,U0051,P0025,2024-08-19,1,4110.3,Net Banking,Delivered
O00025,U0080,P0035,2024-09-18,3,12597.0,Credit Card,Cancelled
O00026,U0196,P0094,2024-11-29,1,2589.95,Cash on Delivery,Cancelled
O00027,U0197,P0046,2025-02-28,2,1230.0,Debit Card,Cancelled
O00028,U0148,P0075,2024-07-05,3,2274.0,Credit Card,In Transit
O00029,U0109,P0055,2024-11-29,3,13194.9,Credit Card,Returned
O00030,U0114,P0062,2024-09-24,3,10500.0,Net Banking,Delivered
O00031,U0001,P0036,2024-07-08,2,7836.8,Debit Card,Delivered
O00032,U0115,P0029,2025-04-16,3,11094.0,Cash on Delivery,Cancelled
O00033,U0126,P0012,2025-06-08,1,556.75,Credit Card,Delivered
O00034,U0065,P0075,2024-10-08,2,1516.0,Debit Card,Delivered
O00035,U0113,P0077,2025-03-20,3,9670.05,Credit Card,Delivered
O00036,U0030,P0073,2025-02-08,3,4893.6,Cash on Delivery,In Transit
O00037,U0116,P0080,2025-03-23,3,10392.3,Cash on Delivery,Returned
O00038,U0159,P0017,2025-02-16,2,8064.8,Credit Card,Returned
O00039,U0069,P0064,2025-05-12,2,7510.7,Net Banking,Returned
O00040,U0151,P0054,2025-05-01,1,3560.6,Credit Card,Delivered
O00041,U0168,P0057,2024-07-20,3,10422.45,Debit Card,Delivered
O00042,U0171,P0029,2025-02-28,2,7396.0,Debit Card,In Transit
O00043,U0101,P0079,2024-12-13,3,11949.6,Net Banking,In Transit
O00044,U0008,P0007,2024-08-27,2,3560.0,UPI,Cancelled
O00045,U0077,P0027,2024-08-11,2,1621.8,Debit Card,Returned
O00046,U0127,P0052,2024-07-17,2,8369.5,Cash on Delivery,Returned
O00047,U0141,P0100,2024-09-24,2,5966.0,UPI,Delivered
O00048,U0026,P0048,2024-12-12,2,9710.0,Credit Card,Delivered
O00049,U0087,P0077,2025-02-11,2,6446.7,Cash on Delivery,In Transit
O00050,U0120,P0081,2025-05-28,2,1440.0,Debit Card,Delivered
O00051,U0122,P0051,2024-06-19,1,572.8,Credit Card,In Transit
O00052,U0145,P0087,2024-11-15,3,3516.0,UPI,In Transit
O00053,U0183,P0075,2024-07-30,2,1516.0,UPI,Delivered
O00054,U0130,P0076,2024-09-03,2,1866.0,Debit Card,Cancelled
O00055,U0194,P0044,2025-06-06,2,4218.0,Net Banking,Delivered
O00056,U0100,P0076,2025-06-07,3,2799.0,UPI,Cancelled
O00057,U0058,P0031,2025-03-22,1,3940.6,Debit Card,Returned
O00058,U0192,P0035,2025-03-25,1,4199.0,Credit Card,Cancelled
O00059,U0062,P0058,2025-04-22,2,4330.1,Debit Card,Cancelled
O00060,U0105,P0032,2024-07-14,1,248.8,Debit Card,In Transit
O00061,U0177,P0020,2024-09-07,2,3746.0,UPI,Cancelled
O00062,U0035,P0049,2024-11-15,2,3757.0,Debit Card,Delivered
O00063,U0002,P0028,2024-07-03,2,9273.9,Cash on Delivery,Returned
O00064,U0016,P0100,2024-07-27,3,8949.0,UPI,Returned
O00065,U0174,P0014,2025-03-08,3,4416.0,UPI,Cancelled
O00066,U0195,P0001,2025-02-22,2,7060.1,Credit Card,Cancelled
O00067,U0032,P0088,2024-10-06,3,2875.2,Net Banking,Delivered
O00068,U0124,P0030,2024-07-01,2,4834.8,Credit Card,In Transit
O00069,U0173,P0034,2024-08-28,3,9604.5,Debit Card,Delivered
O00070,U0037,P0040,2024-06-20,2,8816.0,Net Banking,Returned
O00071,U0193,P0084,2025-02-04,3,6774.0,UPI,Delivered
O00072,U0069,P0013,2025-04-24,2,6400.0,UPI,Cancelled
O00073,U0140,P0019,2025-04-13,3,979.2,Net Banking,Delivered
O00074,U0176,P0093,2024-10-10,2,4758.3,UPI,Delivered
O00075,U0082,P0017,2025-03-05,3,12097.2,Credit Card,Cancelled
O00076,U0125,P0074,2024-08-24,3,9690.0,Net Banking,Cancelled
O00077,U0049,P0072,2025-04-27,2,2143.2,Cash on Delivery,Delivered
O00078,U0045,P0056,2024-11-06,2,3855.6,Credit Card,In Transit
O00079,U0138,P0096,2024-06-23,2,3396.0,Net Banking,Cancelled
O00080,U0065,P0040,2024-07-27,3,13224.0,UPI,Delivered
O00081,U0101,P0097,2024-10-08,2,7826.0,Credit Card,Delivered
O00082,U0032,P0083,2025-01-05,1,461.55,Cash on Delivery,In Transit
O00083,U0131,P0052,2025-05-21,1,4184.75,Net Banking,In Transit
O00084,U0159,P0060,2024-12-14,1,3841.2,Cash on Delivery,Cancelled
O00085,U0121,P0078,2024-08-02,2,5088.1,UPI,Cancelled
O00086,U0140,P0074,2024-11-15,3,9690.0,Credit Card,In Transit
O00087,U0161,P0050,2024-10-31,1,2924.1,Credit Card,Delivered
O00088,U0144,P0082,2025-03-21,1,326.4,Debit Card,In Transit
O00089,U0181,P0082,2025-01-29,1,326.4,Net Banking,In Transit
O00090,U0188,P0096,2024-11-18,3,5094.0,Net Banking,In Transit
O00091,U0043,P0098,2024-08-22,3,8196.6,Debit Card,In Transit
O00092,U0174,P0018,2025-04-24,2,6298.5,Credit Card,Delivered
O00093,U0166,P0018,2024-07-22,2,6298.5,Credit Card,Cancelled
O00094,U0067,P0007,2025-01-28,2,3560.0,Cash on Delivery,Returned
O00095,U0156,P0035,2024-09-09,1,4199.0,Debit Card,Cancelled
O00096,U0170,P0038,2025-01-25,2,8253.6,UPI,In Transit
O00097,U0042,P0070,2024-11-24,1,714.0,Net Banking,Cancelled
O00098,U0066,P0022,2025-01-04,1,1357.2,UPI,Returned
O00099,U0174,P0037,2024-08-31,1,2036.0,Debit Card,In Transit
O00100,U0112,P0040,2025-03-05,1,4408.0,Cash on Delivery,Returned
O00101,U0148,P0005,2024-08-27,2,7326.0,UPI,Cancelled
O00102,U0080,P0047,2024-09-10,3,6591.0,Credit Card,Cancelled
O00103,U0092,P0038,2025-05-18,1,4126.8,UPI,Returned
O00104,U0172,P0007,2025-05-15,3,5340.0,UPI,Delivered
O00105,U0169,P0011,2024-07-23,1,1160.9,Credit Card,Delivered
O00106,U0116,P0096,2024-12-09,1,1698.0,Debit Card,In Transit
O00107,U0092,P0042,2025-03-01,1,2103.0,Net Banking,Cancelled
O00108,U0027,P0042,2024-09-11,3,6309.0,Credit Card,Delivered
O00109,U0048,P0007,2024-10-04,3,5340.0,Credit Card,Delivered
O00110,U0093,P0096,2024-09-09,1,1698.0,Credit Card,Returned
O00111,U0139,P0099,2024-12-26,2,7628.0,Credit Card,Cancelled
O00112,U0131,P0077,2025-02-19,3,9670.05,Debit Card,Delivered
O00113,U0082,P0059,2024-11-22,1,1241.0,UPI,Cancelled
O00114,U0158,P0040,2024-11-20,3,13224.0,UPI,Returned
O00115,U0113,P0042,2024-06-08,3,6309.0,Cash on Delivery,In Transit
O00116,U0154,P0062,2024-07-16,1,3500.0,Credit Card,In Transit
O00117,U0168,P0009,2024-11-13,2,2369.3,Net Banking,Delivered
O00118,U0019,P0073,2025-03-11,2,3262.4,Cash on Delivery,Cancelled
O00119,U0004,P0005,2024-06-20,1,3663.0,Net Banking,Returned
O00120,U0109,P0050,2025-03-17,2,5848.2,Credit Card,Cancelled
O00121,U0018,P0079,2024-11-18,1,3983.2,Cash on Delivery,Delivered
O00122,U0024,P0077,2025-04-21,3,9670.05,Cash on Delivery,In Transit
O00123,U0084,P0076,2024-10-28,1,933.0,Debit Card,Delivered
O00124,U0052,P0019,2024-09-02,3,979.2,UPI,In Transit
O00125,U0159,P0005,2025-02-01,1,3663.0,Net Banking,In Transit
O00126,U0097,P0012,2025-05-19,3,1670.25,Net Banking,In Transit
O00127,U0185,P0043,2025-02-07,1,3996.0,Credit Card,In Transit
O00128,U0085,P0050,2024-11-10,2,5848.2,Cash on Delivery,Returned
O00129,U0044,P0012,2025-06-03,3,1670.25,Credit Card,In Transit
O00130,U0083,P0076,2025-06-02,1,933.0,UPI,Returned
O00131,U0143,P0095,2024-06-10,2,6220.8,Cash on Delivery,In Transit
O00132,U0093,P0031,2025-01-20,1,3940.6,Cash on Delivery,Returned
O00133,U0051,P0053,2024-06-11,3,11556.0,Credit Card,Delivered
O00134,U0169,P0060,2024-12-07,3,11523.6,Debit Card,Returned
O00135,U0134,P0027,2025-02-22,3,2432.7,Net Banking,Returned
O00136,U0167,P0050,2024-09-18,3,8772.3,Debit Card,Returned
O00137,U0065,P0089,2025-02-12,2,5904.1,Cash on Delivery,Cancelled
O00138,U0046,P0043,2025-02-21,1,3996.0,Debit Card,Cancelled
O00139,U0038,P0095,2024-08-12,1,3110.4,Credit Card,In Transit
O00140,U0018,P0045,2024-12-08,1,1082.9,UPI,In Transit
O00141,U0062,P0075,2024-09-12,2,1516.0,Credit Card,Delivered
O00142,U0125,P0080,2024-06-08,1,3464.1,Net Banking,Delivered
O00143,U0183,P0027,2025-03-15,1,810.9,Credit Card,Cancelled
O00144,U0001,P0031,2025-05-09,3,11821.8,UPI,Returned
O00145,U0059,P0080,2024-09-09,3,10392.3,Debit Card,In Transit
O00146,U0160,P0094,2024-08-29,3,7769.85,Credit Card,Delivered
O00147,U0118,P0073,2024-08-07,3,4893.6,Cash on Delivery,In Transit
O00148,U0010,P0020,2024-08-26,1,1873.0,Debit Card,Delivered
O00149,U0065,P0004,2025-02-24,1,2243.9,Credit Card,In Transit
O00150,U0100,P0049,2024-10-06,3,5635.5,Debit Card,Cancelled
O00151,U0120,P0100,2025-05-05,2,5966.0,Credit Card,Cancelled
O00152,U0177,P0042,2025-05-07,1,2103.0,Debit Card,In Transit
O00153,U0021,P0057,2024-08-20,3,10422.45,Cash on Delivery,In Transit
O00154,U0141,P0021,2024-06-26,2,4287.6,Cash on Delivery,Returned
O00155,U0120,P0034,2024-10-09,2,6403.0,UPI,Delivered
O00156,U0199,P0057,2024-12-22,2,6948.3,UPI,In Transit
O00157,U0063,P0076,2024-11-27,1,933.0,UPI,In Transit
O00158,U0071,P0081,2025-02-11,2,1440.0,Debit Card,Cancelled
O00159,U0084,P0005,2024-11-17,1,3663.0,Net Banking,Delivered
O00160,U0061,P0026,2024-10-14,1,704.0,Net Banking,In Transit
O00161,U0127,P0065,2024-09-28,1,1201.75,Net Banking,In Transit
O00162,U0192,P0032,2025-01-23,3,746.4,UPI,In Transit
O00163,U0018,P0084,2024-11-23,1,2258.0,Cash on Delivery,In Transit
O00164,U0189,P0005,2024-09-21,2,7326.0,UPI,Delivered
O00165,U0149,P0100,2024-07-27,2,5966.0,Cash on Delivery,Delivered
O00166,U0116,P0053,2024-08-17,3,11556.0,Cash on Delivery,Returned
O00167,U0112,P0038,2025-05-18,1,4126.8,Credit Card,In Transit
O00168,U0134,P0023,2024-10-10,1,1303.05,Debit Card,Returned
O00169,U0094,P0071,2025-03-25,2,5961.6,UPI,Returned
O00170,U0052,P0060,2024-07-17,1,3841.2,Net Banking,Cancelled
O00171,U0124,P0091,2024-08-26,1,1764.6,Cash on Delivery,In Transit
O00172,U0051,P0034,2024-07-16,2,6403.0,Cash on Delivery,Delivered
O00173,U0148,P0092,2024-07-20,1,3953.7,Cash on Delivery,Delivered
O00174,U0133,P0013,2024-11-11,2,6400.0,Net Banking,In Transit
O00175,U0058,P0100,2025-01-11,3,8949.0,Credit Card,Delivered
O00176,U0170,P0049,2024-10-21,3,5635.5,Credit Card,Returned
O00177,U0192,P0049,2025-01-20,2,3757.0,Cash on Delivery,Cancelled
O00178,U0008,P0086,2024-10-24,2,5801.6,Net Banking,In Transit
O00179,U0086,P0049,2024-12-06,3,5635.5,Debit Card,Returned
O00180,U0184,P0008,2024-11-02,2,2072.9,Net Banking,Delivered
O00181,U0194,P0005,2025-02-06,1,3663.0,Cash on Delivery,In Transit
O00182,U0089,P0012,2025-05-01,1,556.75,Net Banking,Returned
O00183,U0114,P0077,2025-06-08,2,6446.7,Net Banking,In Transit
O00184,U0195,P0080,2024-06-22,2,6928.2,Debit Card,In Transit
O00185,U0165,P0055,2025-03-25,2,8796.6,Credit Card,Cancelled
O00186,U0184,P0032,2024-11-22,1,248.8,Cash on Delivery,Cancelled
O00187,U0188,P0100,2024-06-26,1,2983.0,UPI,Cancelled
O00188,U0051,P0026,2024-07-10,3,2112.0,Credit Card,In Transit
O00189,U0198,P0074,2024-12-27,3,9690.0,Credit Card,Returned
O00190,U0198,P0074,2025-04-21,2,6460.0,UPI,Delivered
O00191,U0070,P0061,2024-06-14,2,8618.0,Cash on Delivery,Returned
O00192,U0090,P0017,2024-06-09,3,12097.2,Net Banking,Cancelled
O00193,U0138,P0054,2024-11-23,1,3560.6,Net Banking,Delivered
O00194,U0084,P0087,2024-09-08,3,3516.0,Net Banking,In Transit
O00195,U0018,P0097,2024-09-17,3,11739.0,Cash on Delivery,Returned
O00196,U0122,P0001,2025-04-09,1,3530.05,Debit Card,In Transit
O00197,U0188,P0095,2025-04-18,3,9331.2,Debit Card,In Transit
O00198,U0145,P0091,2025-01-22,1,1764.6,Net Banking,Delivered
O00199,U0080,P0063,2025-03-20,2,3294.6,Cash on Delivery,In Transit
O00200,U0025,P0034,2024-09-02,3,9604.5,Debit Card,Returned
O00201,U0064,P0007,2025-05-17,1,1780.0,Debit Card,Delivered
O00202,U0143,P0014,2025-01-23,3,4416.0,Debit Card,In Transit
O00203,U0097,P0059,2025-01-10,1,1241.0,Cash on Delivery,Cancelled
O00204,U0071,P0065,2025-05-22,2,2403.5,UPI,Cancelled
O00205,U0130,P0029,2024-09-01,3,11094.0,Debit Card,Delivered
O00206,U0013,P0079,2025-03-08,3,11949.6,Net Banking,Delivered
O00207,U0108,P0084,2024-08-26,2,4516.0,Debit Card,In Transit
O00208,U0073,P0093,2024-08-02,2,4758.3,Credit Card,Returned
O00209,U0150,P0044,2024-08-12,3,6327.0,Debit Card,In Transit
O00210,U0016,P0098,2024-11-29,3,8196.6,Debit Card,Delivered
O00211,U0082,P0074,2024-09-16,3,9690.0,Debit Card,Cancelled
O00212,U0085,P0002,2025-04-05,2,748.8,UPI,Returned
O00213,U0104,P0001,2024-09-20,1,3530.05,UPI,Delivered
O00214,U0073,P0062,2025-05-27,2,7000.0,Cash on Delivery,Cancelled
O00215,U0125,P0031,2025-04-19,1,3940.6,Cash on Delivery,Delivered
O00216,U0010,P0097,2025-02-25,3,11739.0,Cash on Delivery,Delivered
O00217,U0023,P0013,2025-01-27,3,9600.0,UPI,Cancelled
O00218,U0163,P0035,2024-11-02,1,4199.0,Cash on Delivery,In Transit
O00219,U0005,P0063,2025-02-12,1,1647.3,Credit Card,In Transit
O00220,U0150,P0018,2025-02-07,1,3149.25,UPI,Delivered
O00221,U0056,P0037,2025-01-23,1,2036.0,Net Banking,Returned
O00222,U0131,P0014,2024-09-05,3,4416.0,Net Banking,In Transit
O00223,U0058,P0093,2025-01-22,1,2379.15,UPI,Delivered
O00224,U0080,P0047,2024-06-22,2,4394.0,Debit Card,In Transit
O00225,U0049,P0089,2025-02-16,2,5904.1,UPI,In Transit
O00226,U0026,P0055,2025-04-29,2,8796.6,Debit Card,Delivered
O00227,U0105,P0069,2024-09-09,1,1098.9,UPI,Cancelled
O00228,U0042,P0080,2025-05-13,2,6928.2,Net Banking,Delivered
O00229,U0168,P0072,2024-11-01,2,2143.2,Net Banking,Cancelled
O00230,U0172,P0088,2024-07-30,2,1916.8,Debit Card,Returned
O00231,U0167,P0095,2024-08-03,2,6220.8,UPI,Returned
O00232,U0187,P0081,2025-05-23,2,1440.0,Cash on Delivery,In Transit
O00233,U0052,P0054,2025-01-28,1,3560.6,Net Banking,Returned
O00234,U0126,P0036,2025-05-07,2,7836.8,Credit Card,In Transit
O00235,U0117,P0091,2025-06-01,1,1764.6,UPI,Delivered
O00236,U0108,P0037,2024-08-10,2,4072.0,Cash on Delivery,Returned
O00237,U0167,P0056,2025-01-01,3,5783.4,UPI,Delivered
O00238,U0077,P0087,2025-03-15,3,3516.0,UPI,Cancelled
O00239,U0177,P0091,2024-12-15,3,5293.8,Cash on Delivery,In Transit
O00240,U0006,P0020,2024-08-09,2,3746.0,Cash on Delivery,In Transit
O00241,U0044,P0023,2025-01-23,2,2606.1,Debit Card,In Transit
O00242,U0175,P0022,2025-03-11,2,2714.4,Net Banking,Returned
O00243,U0157,P0061,2024-06-19,1,4309.0,UPI,Cancelled
O00244,U0050,P0096,2024-06-27,2,3396.0,Net Banking,In Transit
O00245,U0050,P0098,2025-02-08,3,8196.6,UPI,In Transit
O00246,U0193,P0079,2024-12-13,1,3983.2,UPI,In Transit
O00247,U0049,P0077,2025-05-06,3,9670.05,Credit Card,Cancelled
O00248,U0005,P0051,2024-06-24,3,1718.4,UPI,Delivered
O00249,U0084,P0014,2024-11-09,2,2944.0,UPI,Returned
O00250,U0187,P0100,2024-10-20,1,2983.0,Debit Card,In Transit
O00251,U0024,P0081,2025-04-27,1,720.0,Cash on Delivery,Cancelled
O00252,U0186,P0050,2024-11-03,2,5848.2,Cash on Delivery,Cancelled
O00253,U0110,P0016,2024-12-11,2,4653.0,UPI,Returned
O00254,U0018,P0100,2024-12-21,1,2983.0,UPI,In Transit
O00255,U0005,P0040,2025-04-27,2,8816.0,Cash on Delivery,Returned
O00256,U0094,P0060,2025-05-03,3,11523.6,UPI,Cancelled
O00257,U0107,P0048,2025-05-14,1,4855.0,UPI,Returned
O00258,U0140,P0073,2025-02-19,3,4893.6,Cash on Delivery,Cancelled
O00259,U0177,P0067,2024-12-20,3,1795.5,UPI,In Transit
O00260,U0127,P0034,2024-07-17,1,3201.5,Cash on Delivery,Cancelled
O00261,U0198,P0038,2025-05-03,2,8253.6,UPI,In Transit
O00262,U0083,P0100,2024-06-09,1,2983.0,Debit Card,Delivered
O00263,U0053,P0060,2024-08-11,3,11523.6,Credit Card,Cancelled
O00264,U0172,P0025,2024-06-21,3,12330.9,Debit Card,In Transit
O00265,U0098,P0041,2024-06-29,3,9909.0,Cash on Delivery,In Transit
O00266,U0191,P0079,2025-02-08,1,3983.2,Credit Card,In Transit
O00267,U0128,P0070,2024-09-19,2,1428.0,Credit Card,Returned
O00268,U0013,P0071,2024-07-21,3,8942.4,Cash on Delivery,Cancelled
O00269,U0067,P0073,2024-10-01,3,4893.6,UPI,Cancelled
O00270,U0185,P0032,2024-11-25,1,248.8,Net Banking,In Transit
O00271,U0041,P0090,2025-04-08,1,1596.0,Cash on Delivery,In Transit
O00272,U0127,P0059,2025-06-06,1,1241.0,Credit Card,Delivered
O00273,U0106,P0021,2024-12-24,1,2143.8,Debit Card,In Transit
O00274,U0140,P0086,2024-08-22,1,2900.8,Net Banking,In Transit
O00275,U0184,P0097,2025-05-10,2,7826.0,Cash on Delivery,In Transit
O00276,U0150,P0029,2024-07-06,3,11094.0,Debit Card,Returned
O00277,U0195,P0016,2024-06-25,2,4653.0,Cash on Delivery,Delivered
O00278,U0067,P0100,2024-12-22,2,5966.0,Credit Card,In Transit
O00279,U0158,P0011,2024-07-10,2,2321.8,Cash on Delivery,In Transit
O00280,U0059,P0009,2025-04-17,2,2369.3,Debit Card,Cancelled
O00281,U0153,P0059,2024-07-18,1,1241.0,Net Banking,Returned
O00282,U0052,P0025,2024-08-13,3,12330.9,UPI,Cancelled
O00283,U0044,P0019,2025-02-21,3,979.2,Debit Card,Returned
O00284,U0045,P0018,2024-06-28,1,3149.25,Cash on Delivery,Delivered
O00285,U0162,P0064,2025-02-20,1,3755.35,Credit Card,In Transit
O00286,U0064,P0012,2024-10-09,2,1113.5,Cash on Delivery,Delivered
O00287,U0049,P0005,2024-09-23,2,7326.0,Debit Card,Returned
O00288,U0024,P0067,2024-11-29,2,1197.0,Cash on Delivery,In Transit
O00289,U0012,P0084,2024-09-24,1,2258.0,Credit Card,In Transit
O00290,U0145,P0007,2024-10-28,2,3560.0,Debit Card,Cancelled
O00291,U0036,P0097,2024-11-20,1,3913.0,Debit Card,Cancelled
O00292,U0159,P0098,2025-02-02,3,8196.6,Cash on Delivery,Delivered
O00293,U0089,P0040,2024-07-25,2,8816.0,UPI,Delivered
O00294,U0039,P0065,2025-01-05,1,1201.75,Debit Card,Delivered
O00295,U0027,P0047,2025-03-03,2,4394.0,Net Banking,Returned
O00296,U0107,P0017,2024-08-16,2,8064.8,Net Banking,Returned
O00297,U0179,P0085,2025-06-07,2,1579.2,Credit Card,Delivered
O00298,U0115,P0082,2024-07-10,3,979.2,Credit Card,In Transit
O00299,U0044,P0074,2025-02-10,1,3230.0,Net Banking,In Transit
O00300,U0038,P0016,2024-12-20,1,2326.5,Debit Card,Delivered
O00301,U0076,P0032,2024-08-28,3,746.4,Net Banking,Returned
O00302,U0194,P0098,2024-07-28,3,8196.6,Cash on Delivery,Delivered
O00303,U0160,P0007,2025-06-05,2,3560.0,Credit Card,Cancelled
O00304,U0083,P0094,2025-02-01,1,2589.95,Cash on Delivery,Delivered
O00305,U0105,P0085,2025-04-08,3,2368.8,UPI,Cancelled
O00306,U0183,P0020,2024-07-24,1,1873.0,Credit Card,Cancelled
O00307,U0152,P0030,2024-09-22,2,4834.8,Net Banking,Delivered
O00308,U0151,P0023,2025-02-14,3,3909.15,Cash on Delivery,In Transit
O00309,U0148,P0050,2025-03-12,2,5848.2,Cash on Delivery,Cancelled
O00310,U0118,P0087,2025-02-10,3,3516.0,UPI,Delivered
O00311,U0094,P0088,2024-12-16,2,1916.8,Net Banking,Returned
O00312,U0064,P0043,2025-05-12,3,11988.0,Net Banking,Delivered
O00313,U0166,P0005,2025-01-29,2,7326.0,UPI,Returned
O00314,U0148,P0009,2025-02-05,3,3553.95,Net Banking,Returned
O00315,U0124,P0062,2025-03-03,2,7000.0,Net Banking,Returned
O00316,U0036,P0012,2025-03-16,3,1670.25,Net Banking,Returned
O00317,U0057,P0075,2024-07-02,3,2274.0,Debit Card,Delivered
O00318,U0106,P0042,2024-08-12,3,6309.0,Net Banking,Returned
O00319,U0001,P0017,2024-11-07,2,8064.8,Cash on Delivery,Cancelled
O00320,U0099,P0086,2025-03-01,2,5801.6,UPI,Cancelled
O00321,U0175,P0054,2025-01-31,2,7121.2,UPI,Delivered
O00322,U0094,P0050,2025-03-30,3,8772.3,Net Banking,Returned
O00323,U0095,P0052,2025-01-13,3,12554.25,Debit Card,Cancelled
O00324,U0142,P0038,2025-02-17,2,8253.6,Debit Card,Cancelled
O00325,U0076,P0012,2024-06-24,2,1113.5,Debit Card,Delivered
O00326,U0087,P0040,2024-11-25,1,4408.0,Cash on Delivery,Delivered
O00327,U0187,P0008,2025-02-11,3,3109.35,Credit Card,In Transit
O00328,U0025,P0032,2024-11-28,3,746.4,Cash on Delivery,In Transit
O00329,U0036,P0080,2025-05-28,3,10392.3,Net Banking,Returned
O00330,U0154,P0010,2024-08-30,1,1214.65,Cash on Delivery,Cancelled
O00331,U0055,P0023,2025-02-24,2,2606.1,Net Banking,Delivered
O00332,U0190,P0014,2024-07-20,2,2944.0,Credit Card,In Transit
O00333,U0089,P0031,2025-03-13,2,7881.2,UPI,Cancelled
O00334,U0012,P0065,2025-04-23,1,1201.75,UPI,In Transit
O00335,U0054,P0073,2024-10-06,1,1631.2,Net Banking,Cancelled
O00336,U0128,P0071,2024-07-23,1,2980.8,Net Banking,In Transit
O00337,U0121,P0057,2024-07-29,3,10422.45,Net Banking,Delivered
O00338,U0148,P0068,2025-03-10,3,6655.5,Net Banking,Delivered
O00339,U0038,P0003,2025-01-31,1,293.6,Cash on Delivery,Delivered
O00340,U0143,P0057,2024-08-11,3,10422.45,Cash on Delivery,Cancelled
O00341,U0125,P0076,2024-07-16,2,1866.0,UPI,Cancelled
O00342,U0146,P0039,2025-03-01,1,1403.2,Net Banking,Returned
O00343,U0172,P0077,2024-09-24,3,9670.05,Credit Card,Cancelled
O00344,U0099,P0091,2025-02-02,2,3529.2,Credit Card,In Transit
O00345,U0186,P0046,2024-09-13,3,1845.0,Credit Card,Delivered
O00346,U0024,P0050,2024-09-25,1,2924.1,Net Banking,Returned
O00347,U0163,P0011,2024-08-07,3,3482.7,Credit Card,Cancelled
O00348,U0159,P0008,2025-04-16,1,1036.45,Credit Card,Cancelled
O00349,U0106,P0020,2025-02-14,3,5619.0,Debit Card,Returned
O00350,U0111,P0093,2024-09-18,1,2379.15,Credit Card,In Transit
O00351,U0011,P0092,2025-03-23,2,7907.4,Net Banking,Returned
O00352,U0159,P0065,2024-07-07,1,1201.75,Debit Card,In Transit
O00353,U0109,P0004,2025-01-13,1,2243.9,Cash on Delivery,Returned
O00354,U0031,P0047,2024-08-05,3,6591.0,UPI,Returned
O00355,U0171,P0005,2025-03-25,2,7326.0,UPI,Cancelled
O00356,U0068,P0035,2025-05-28,2,8398.0,Net Banking,Returned
O00357,U0128,P0048,2024-11-05,2,9710.0,Net Banking,Returned
O00358,U0040,P0009,2025-02-10,3,3553.95,Cash on Delivery,Returned
O00359,U0058,P0036,2024-12-29,1,3918.4,Debit Card,Delivered
O00360,U0053,P0007,2024-12-15,1,1780.0,Credit Card,Returned
O00361,U0007,P0052,2024-07-30,2,8369.5,Credit Card,Returned
O00362,U0068,P0008,2024-09-25,3,3109.35,Cash on Delivery,In Transit
O00363,U0077,P0001,2024-06-10,1,3530.05,Cash on Delivery,Delivered
O00364,U0105,P0061,2024-08-14,2,8618.0,UPI,Cancelled
O00365,U0047,P0008,2024-10-30,3,3109.35,Credit Card,Cancelled
O00366,U0186,P0075,2024-09-12,3,2274.0,UPI,Returned
O00367,U0075,P0072,2025-05-28,3,3214.8,Credit Card,In Transit
O00368,U0041,P0027,2024-08-13,2,1621.8,UPI,Cancelled
O00369,U0170,P0088,2024-09-10,3,2875.2,Credit Card,Returned
O00370,U0187,P0002,2025-01-20,3,1123.2,Debit Card,Cancelled
O00371,U0062,P0007,2025-05-01,2,3560.0,Credit Card,Cancelled
O00372,U0114,P0011,2024-10-03,2,2321.8,UPI,Delivered
O00373,U0021,P0040,2025-01-01,1,4408.0,Net Banking,Cancelled
O00374,U0187,P0061,2024-12-20,1,4309.0,Cash on Delivery,Cancelled
O00375,U0015,P0003,2025-03-22,1,293.6,Credit Card,Cancelled
O00376,U0093,P0083,2025-02-12,1,461.55,Cash on Delivery,Cancelled
O00377,U0172,P0069,2025-01-07,1,1098.9,Cash on Delivery,In Transit
O00378,U0158,P0070,2024-11-12,1,714.0,Cash on Delivery,Cancelled
O00379,U0099,P0096,2025-01-13,1,1698.0,Credit Card,In Transit
O00380,U0181,P0026,2024-07-22,2,1408.0,Credit Card,Returned
O00381,U0183,P0096,2024-08-29,1,1698.0,Credit Card,Delivered
O00382,U0063,P0028,2025-04-01,1,4636.95,Net Banking,Delivered
O00383,U0058,P0005,2025-05-16,2,7326.0,Net Banking,Delivered
O00384,U0011,P0079,2024-10-16,3,11949.6,Debit Card,In Transit
O00385,U0087,P0097,2024-12-22,1,3913.0,Net Banking,Returned
O00386,U0149,P0100,2024-12-09,1,2983.0,UPI,Cancelled
O00387,U0153,P0100,2024-10-11,2,5966.0,Debit Card,In Transit
O00388,U0137,P0073,2024-12-15,1,1631.2,Credit Card,Delivered
O00389,U0004,P0084,2024-08-20,1,2258.0,Cash on Delivery,Delivered
O00390,U0016,P0043,2025-05-06,2,7992.0,Debit Card,Delivered
O00391,U0049,P0071,2024-10-29,1,2980.8,Net Banking,Returned
O00392,U0042,P0076,2025-05-24,3,2799.0,Net Banking,Cancelled
O00393,U0055,P0080,2024-09-24,3,10392.3,UPI,Returned
O00394,U0195,P0019,2024-11-17,2,652.8,Cash on Delivery,Returned
O00395,U0007,P0017,2024-12-14,3,12097.2,UPI,Returned
O00396,U0136,P0082,2025-03-04,3,979.2,Net Banking,In Transit
O00397,U0023,P0061,2025-03-24,2,8618.0,Cash on Delivery,Delivered
O00398,U0121,P0070,2025-01-08,1,714.0,Credit Card,Delivered
O00399,U0052,P0004,2025-05-01,3,6731.7,Cash on Delivery,In Transit
O00400,U0093,P0018,2025-05-29,3,9447.75,Net Banking,Delivered
O00401,U0182,P0058,2024-06-25,1,2165.05,UPI,Cancelled
O00402,U0005,P0083,2025-06-02,2,923.1,Net Banking,Delivered
O00403,U0025,P0063,2024-10-11,2,3294.6,Debit Card,Cancelled
O00404,U0140,P0052,2024-08-07,2,8369.5,Net Banking,In Transit
O00405,U0197,P0077,2024-11-01,1,3223.35,Cash on Delivery,Cancelled
O00406,U0055,P0094,2025-02-21,2,5179.9,Credit Card,Returned
O00407,U0188,P0083,2024-09-28,2,923.1,Debit Card,Delivered
O00408,U0106,P0011,2024-08-08,2,2321.8,Cash on Delivery,In Transit
O00409,U0126,P0025,2025-05-17,3,12330.9,Debit Card,Returned
O00410,U0054,P0082,2025-05-23,3,979.2,Net Banking,Returned
O00411,U0090,P0074,2024-07-09,3,9690.0,UPI,In Transit
O00412,U0161,P0079,2024-10-14,1,3983.2,Net Banking,Delivered
O00413,U0133,P0023,2025-02-05,2,2606.1,Cash on Delivery,In Transit
O00414,U0036,P0081,2024-11-02,1,720.0,Net Banking,Delivered
O00415,U0132,P0006,2025-03-02,2,5409.6,Cash on Delivery,Returned
O00416,U0167,P0002,2024-10-07,2,748.8,Net Banking,Cancelled
O00417,U0075,P0025,2025-05-30,3,12330.9,UPI,Cancelled
O00418,U0107,P0008,2024-09-16,2,2072.9,Credit Card,Delivered
O00419,U0192,P0007,2025-05-06,1,1780.0,Debit Card,Returned
O00420,U0022,P0013,2025-02-09,1,3200.0,Net Banking,Returned
O00421,U0025,P0027,2025-03-15,3,2432.7,UPI,In Transit
O00422,U0020,P0083,2024-10-21,2,923.1,Debit Card,Delivered
O00423,U0159,P0080,2025-03-18,3,10392.3,UPI,Returned
O00424,U0200,P0084,2024-11-06,3,6774.0,Credit Card,In Transit
O00425,U0026,P0061,2025-01-24,1,4309.0,Credit Card,Delivered
O00426,U0042,P0022,2024-09-22,2,2714.4,Debit Card,In Transit
O00427,U0059,P0078,2025-03-26,2,5088.1,Net Banking,Cancelled
O00428,U0010,P0089,2025-03-31,3,8856.15,Credit Card,Returned
O00429,U0072,P0043,2024-10-30,3,11988.0,Credit Card,Cancelled
O00430,U0016,P0028,2025-01-25,2,9273.9,Debit Card,Delivered
O00431,U0037,P0088,2024-10-09,1,958.4,Debit Card,Delivered
O00432,U0099,P0051,2024-10-19,2,1145.6,Credit Card,Cancelled
O00433,U0142,P0061,2024-08-19,3,12927.0,Debit Card,Returned
O00434,U0086,P0044,2024-12-25,3,6327.0,Debit Card,Returned
O00435,U0007,P0026,2024-06-10,2,1408.0,Debit Card,In Transit
O00436,U0173,P0084,2025-02-01,2,4516.0,UPI,In Transit
O00437,U0019,P0007,2025-03-19,1,1780.0,Debit Card,In Transit
O00438,U0089,P0050,2024-09-12,1,2924.1,UPI,Cancelled
O00439,U0134,P0081,2024-11-13,1,720.0,Debit Card,Delivered
O00440,U0128,P0086,2025-02-22,2,5801.6,Debit Card,Cancelled
O00441,U0145,P0063,2025-01-19,2,3294.6,Cash on Delivery,Returned
O00442,U0015,P0027,2025-03-15,2,1621.8,Net Banking,Delivered
O00443,U0145,P0012,2024-10-27,3,1670.25,Cash on Delivery,Cancelled
O00444,U0145,P0052,2025-01-09,1,4184.75,Cash on Delivery,Delivered
O00445,U0085,P0035,2024-09-08,3,12597.0,UPI,Delivered
O00446,U0058,P0062,2024-09-19,3,10500.0,Net Banking,Delivered
O00447,U0184,P0046,2024-10-16,3,1845.0,Cash on Delivery,Delivered
O00448,U0111,P0087,2024-10-01,1,1172.0,UPI,Returned
O00449,U0106,P0006,2025-04-22,2,5409.6,Debit Card,Returned
O00450,U0197,P0086,2025-02-05,2,5801.6,Net Banking,Delivered
O00451,U0120,P0047,2025-03-07,1,2197.0,UPI,In Transit
O00452,U0066,P0096,2024-10-24,1,1698.0,UPI,Cancelled
O00453,U0187,P0073,2024-09-25,3,4893.6,Credit Card,Cancelled
O00454,U0094,P0071,2024-06-21,3,8942.4,Debit Card,In Transit
O00455,U0077,P0038,2024-12-08,3,12380.4,Net Banking,Returned
O00456,U0005,P0021,2024-10-02,2,4287.6,UPI,In Transit
O00457,U0152,P0029,2025-06-01,1,3698.0,Cash on Delivery,In Transit
O00458,U0080,P0010,2025-02-19,2,2429.3,Debit Card,Delivered
O00459,U0121,P0057,2024-12-02,2,6948.3,Credit Card,Returned
O00460,U0040,P0023,2024-11-08,2,2606.1,Net Banking,In Transit
O00461,U0180,P0001,2024-09-03,2,7060.1,Net Banking,Delivered
O00462,U0019,P0086,2024-09-07,3,8702.4,Debit Card,In Transit
O00463,U0154,P0070,2024-10-06,2,1428.0,UPI,Delivered
O00464,U0147,P0099,2024-12-28,1,3814.0,Credit Card,Cancelled
O00465,U0068,P0039,2025-02-22,2,2806.4,Cash on Delivery,Delivered
O00466,U0175,P0019,2025-05-01,3,979.2,Cash on Delivery,Returned
O00467,U0182,P0083,2024-06-29,1,461.55,Cash on Delivery,Cancelled
O00468,U0071,P0019,2024-08-31,2,652.8,UPI,Cancelled
O00469,U0129,P0079,2024-11-29,3,11949.6,Cash on Delivery,Delivered
O00470,U0157,P0030,2024-08-21,2,4834.8,Net Banking,In Transit
O00471,U0141,P0066,2024-07-12,2,2900.2,Debit Card,Delivered
O00472,U0001,P0091,2025-05-01,2,3529.2,UPI,Delivered
O00473,U0046,P0100,2024-09-08,2,5966.0,Credit Card,Cancelled
O00474,U0123,P0073,2024-11-02,1,1631.2,Net Banking,Cancelled
O00475,U0096,P0082,2024-10-31,3,979.2,Debit Card,In Transit
O00476,U0126,P0044,2024-12-28,2,4218.0,Credit Card,Returned
O00477,U0152,P0017,2024-11-07,1,4032.4,UPI,Returned
O00478,U0098,P0012,2025-02-01,3,1670.25,Credit Card,Delivered
O00479,U0172,P0001,2024-10-26,3,10590.15,Debit Card,Returned
O00480,U0157,P0081,2025-05-05,3,2160.0,Cash on Delivery,Delivered
O00481,U0027,P0009,2025-05-28,1,1184.65,Credit Card,Returned
O00482,U0192,P0031,2025-01-29,3,11821.8,Cash on Delivery,In Transit
O00483,U0081,P0041,2024-09-08,2,6606.0,UPI,Delivered
O00484,U0062,P0008,2024-07-20,2,2072.9,Credit Card,Cancelled
O00485,U0160,P0036,2024-12-25,1,3918.4,UPI,Cancelled
O00486,U0145,P0061,2025-04-02,2,8618.0,Debit Card,In Transit
O00487,U0048,P0046,2024-11-17,3,1845.0,Debit Card,Delivered
O00488,U0151,P0014,2024-09-23,3,4416.0,Debit Card,Delivered
O00489,U0183,P0038,2024-08-09,1,4126.8,Cash on Delivery,In Transit
O00490,U0059,P0053,2025-03-27,2,7704.0,Net Banking,Returned
O00491,U0133,P0006,2024-06-19,2,5409.6,Debit Card,In Transit
O00492,U0125,P0015,2024-07-04,2,8197.4,UPI,In Transit
O00493,U0177,P0060,2024-08-29,2,7682.4,UPI,Cancelled
O00494,U0009,P0074,2024-10-24,1,3230.0,Cash on Delivery,Cancelled
O00495,U0140,P0037,2025-05-22,3,6108.0,Cash on Delivery,In Transit
O00496,U0009,P0016,2025-02-17,1,2326.5,Debit Card,Returned
O00497,U0012,P0045,2024-09-03,3,3248.7,Net Banking,Cancelled
O00498,U0024,P0089,2024-08-03,3,8856.15,Credit Card,Delivered
O00499,U0151,P0040,2025-03-20,2,8816.0,Debit Card,Delivered
O00500,U0180,P0044,2024-07-24,2,4218.0,Credit Card,In Transit
O00501,U0150,P0051,2024-12-24,1,572.8,Debit Card,Delivered
O00502,U0145,P0016,2025-05-13,2,4653.0,Credit Card,Cancelled
O00503,U0118,P0060,2024-10-12,1,3841.2,Cash on Delivery,In Transit
O00504,U0083,P0013,2025-04-07,2,6400.0,UPI,Delivered
O00505,U0009,P0072,2025-06-07,2,2143.2,Net Banking,Delivered
O00506,U0127,P0028,2024-12-02,1,4636.95,Net Banking,In Transit
O00507,U0152,P0086,2025-03-06,1,2900.8,Cash on Delivery,Returned
O00508,U0061,P0020,2024-11-04,2,3746.0,Debit Card,In Transit
O00509,U0199,P0012,2025-01-31,3,1670.25,UPI,Delivered
O00510,U0113,P0079,2024-07-17,1,3983.2,UPI,Returned
O00511,U0193,P0005,2025-04-18,2,7326.0,Debit Card,Delivered
O00512,U0007,P0003,2024-08-14,1,293.6,Net Banking,Returned
O00513,U0144,P0021,2024-12-27,1,2143.8,Cash on Delivery,Returned
O00514,U0042,P0011,2025-01-09,2,2321.8,Credit Card,Cancelled
O00515,U0064,P0065,2025-03-11,3,3605.25,UPI,Returned
O00516,U0023,P0049,2025-06-01,3,5635.5,Credit Card,Cancelled
O00517,U0193,P0050,2025-03-06,3,8772.3,UPI,Delivered
O00518,U0096,P0041,2024-08-01,2,6606.0,Net Banking,Cancelled
O00519,U0056,P0052,2025-05-20,1,4184.75,UPI,Returned
O00520,U0197,P0027,2024-10-20,3,2432.7,Debit Card,In Transit
O00521,U0090,P0093,2024-06-09,2,4758.3,Credit Card,In Transit
O00522,U0073,P0004,2024-09-08,2,4487.8,Debit Card,Delivered
O00523,U0081,P0009,2024-08-12,2,2369.3,Cash on Delivery,Cancelled
O00524,U0090,P0035,2025-02-06,2,8398.0,Cash on Delivery,Returned
O00525,U0084,P0052,2024-06-15,3,12554.25,UPI,Delivered
O00526,U0033,P0050,2024-08-25,1,2924.1,Debit Card,Cancelled
O00527,U0200,P0043,2024-07-17,1,3996.0,Cash on Delivery,Cancelled
O00528,U0127,P0030,2024-10-27,1,2417.4,Debit Card,Returned
O00529,U0089,P0029,2024-08-10,3,11094.0,Debit Card,Returned
O00530,U0027,P0009,2025-01-30,2,2369.3,Debit Card,Cancelled
O00531,U0136,P0064,2025-02-02,3,11266.05,UPI,Returned
O00532,U0006,P0096,2024-07-24,3,5094.0,Credit Card,In Transit
O00533,U0052,P0018,2025-03-26,3,9447.75,Debit Card,Returned
O00534,U0168,P0016,2024-10-05,1,2326.5,Credit Card,Delivered
O00535,U0140,P0077,2024-09-26,2,6446.7,Net Banking,Delivered
O00536,U0128,P0090,2024-10-11,2,3192.0,Cash on Delivery,Returned
O00537,U0152,P0027,2024-12-06,3,2432.7,UPI,Delivered
O00538,U0169,P0088,2025-01-17,2,1916.8,Credit Card,Cancelled
O00539,U0118,P0006,2024-07-22,1,2704.8,UPI,In Transit
O00540,U0001,P0007,2024-12-22,2,3560.0,UPI,In Transit
O00541,U0086,P0059,2024-12-06,1,1241.0,Cash on Delivery,Delivered
O00542,U0002,P0013,2025-01-20,2,6400.0,Credit Card,Cancelled
O00543,U0200,P0090,2025-04-03,2,3192.0,Debit Card,Returned
O00544,U0152,P0047,2025-01-18,2,4394.0,Debit Card,Cancelled
O00545,U0189,P0090,2025-05-04,1,1596.0,Cash on Delivery,Delivered
O00546,U0008,P0031,2024-07-30,2,7881.2,Net Banking,Delivered
O00547,U0147,P0023,2025-02-24,3,3909.15,Net Banking,Returned
O00548,U0119,P0049,2025-03-07,2,3757.0,UPI,In Transit
O00549,U0019,P0044,2025-04-19,2,4218.0,UPI,Cancelled
O00550,U0151,P0046,2025-03-11,2,1230.0,Cash on Delivery,In Transit
O00551,U0195,P0098,2025-04-05,2,5464.4,Net Banking,Delivered
O00552,U0133,P0019,2024-06-22,1,326.4,Credit Card,Delivered
O00553,U0168,P0077,2025-05-13,3,9670.05,Credit Card,Delivered
O00554,U0102,P0064,2024-10-11,3,11266.05,Credit Card,Delivered
O00555,U0029,P0099,2024-09-23,3,11442.0,Debit Card,Cancelled
O00556,U0159,P0076,2024-09-17,1,933.0,UPI,Returned
O00557,U0165,P0084,2025-02-01,2,4516.0,Net Banking,Returned
O00558,U0058,P0065,2025-05-13,3,3605.25,Net Banking,Delivered
O00559,U0136,P0076,2025-03-10,3,2799.0,Credit Card,Delivered
O00560,U0040,P0020,2025-04-27,3,5619.0,Cash on Delivery,Delivered
O00561,U0018,P0025,2025-01-13,1,4110.3,Cash on Delivery,In Transit
O00562,U0112,P0032,2024-10-05,1,248.8,Net Banking,Cancelled
O00563,U0029,P0017,2024-12-21,3,12097.2,Cash on Delivery,Cancelled
O00564,U0030,P0098,2024-12-13,2,5464.4,Net Banking,Returned
O00565,U0162,P0040,2024-11-25,3,13224.0,Credit Card,Cancelled
O00566,U0073,P0061,2025-02-28,1,4309.0,Credit Card,Returned
O00567,U0197,P0096,2024-10-31,1,1698.0,UPI,In Transit
O00568,U0067,P0053,2025-05-01,3,11556.0,Cash on Delivery,Cancelled
O00569,U0106,P0077,2024-08-23,2,6446.7,UPI,Cancelled
O00570,U0119,P0018,2024-11-27,3,9447.75,Credit Card,Returned
O00571,U0172,P0084,2024-06-21,2,4516.0,Cash on Delivery,Delivered
O00572,U0153,P0043,2024-10-17,1,3996.0,Debit Card,Delivered
O00573,U0112,P0010,2024-10-28,3,3643.95,UPI,In Transit
O00574,U0138,P0063,2025-02-03,1,1647.3,Cash on Delivery,In Transit
O00575,U0041,P0062,2025-04-08,1,3500.0,Credit Card,In Transit
O00576,U0020,P0042,2025-01-29,1,2103.0,Net Banking,In Transit
O00577,U0055,P0070,2024-06-18,1,714.0,Net Banking,In Transit
O00578,U0117,P0036,2024-06-08,3,11755.2,UPI,Returned
O00579,U0188,P0037,2025-02-20,1,2036.0,Debit Card,In Transit
O00580,U0058,P0084,2024-10-26,2,4516.0,UPI,In Transit
O00581,U0065,P0047,2025-04-20,1,2197.0,UPI,Cancelled
O00582,U0147,P0075,2025-01-12,3,2274.0,UPI,Cancelled
O00583,U0132,P0090,2025-02-02,3,4788.0,Net Banking,Returned
O00584,U0183,P0032,2024-10-21,2,497.6,Debit Card,Delivered
O00585,U0148,P0038,2024-06-17,1,4126.8,Debit Card,Cancelled
O00586,U0144,P0014,2025-04-17,2,2944.0,Cash on Delivery,Returned
O00587,U0123,P0100,2024-06-24,2,5966.0,Credit Card,Cancelled
O00588,U0094,P0099,2025-05-09,1,3814.0,UPI,Cancelled
O00589,U0157,P0055,2024-11-02,3,13194.9,Cash on Delivery,Returned
O00590,U0115,P0049,2024-12-24,3,5635.5,Net Banking,Delivered
O00591,U0136,P0074,2024-07-02,2,6460.0,Credit Card,Delivered
O00592,U0061,P0056,2025-04-11,2,3855.6,UPI,Returned
O00593,U0037,P0077,2024-07-11,1,3223.35,UPI,In Transit
O00594,U0182,P0048,2025-03-07,1,4855.0,Credit Card,Delivered
O00595,U0135,P0048,2024-12-11,2,9710.0,Debit Card,In Transit
O00596,U0025,P0031,2024-11-05,2,7881.2,Net Banking,Cancelled
O00597,U0166,P0082,2025-03-23,1,326.4,Net Banking,Delivered
O00598,U0159,P0018,2024-07-07,2,6298.5,Credit Card,In Transit
O00599,U0162,P0043,2025-03-22,1,3996.0,Net Banking,Cancelled
O00600,U0088,P0048,2024-12-10,2,9710.0,UPI,Delivered
O00601,U0047,P0055,2025-02-23,2,8796.6,Net Banking,Delivered
O00602,U0059,P0069,2024-07-29,3,3296.7,UPI,Delivered
O00603,U0189,P0060,2025-05-25,3,11523.6,Cash on Delivery,In Transit
O00604,U0141,P0033,2024-07-11,3,4420.8,Credit Card,Returned
O00605,U0090,P0018,2025-05-28,2,6298.5,Credit Card,In Transit
O00606,U0133,P0064,2025-05-02,3,11266.05,Net Banking,Cancelled
O00607,U0188,P0007,2024-09-01,2,3560.0,UPI,Returned
O00608,U0175,P0073,2024-09-20,3,4893.6,UPI,Returned
O00609,U0042,P0070,2024-09-14,3,2142.0,Credit Card,In Transit
O00610,U0170,P0091,2024-09-03,2,3529.2,UPI,In Transit
O00611,U0140,P0061,2024-12-28,3,12927.0,Cash on Delivery,Cancelled
O00612,U0002,P0062,2024-08-22,1,3500.0,Net Banking,Cancelled
O00613,U0020,P0090,2025-02-04,1,1596.0,Debit Card,Delivered
O00614,U0001,P0085,2024-09-28,2,1579.2,Cash on Delivery,Cancelled
O00615,U0126,P0077,2024-12-01,1,3223.35,UPI,Returned
O00616,U0126,P0082,2024-06-17,3,979.2,Debit Card,Delivered
O00617,U0121,P0076,2024-06-12,2,1866.0,Debit Card,Delivered
O00618,U0170,P0024,2024-08-25,2,7034.6,Credit Card,In Transit
O00619,U0138,P0099,2025-02-24,1,3814.0,Debit Card,Cancelled
O00620,U0076,P0056,2024-11-05,3,5783.4,Cash on Delivery,Returned
O00621,U0057,P0053,2024-06-13,1,3852.0,Net Banking,Returned
O00622,U0111,P0010,2024-10-12,2,2429.3,Debit Card,Delivered
O00623,U0123,P0032,2024-11-03,1,248.8,Debit Card,Returned
O00624,U0100,P0017,2024-11-05,3,12097.2,Debit Card,Returned
O00625,U0024,P0094,2025-04-29,3,7769.85,Debit Card,Returned
O00626,U0033,P0094,2024-08-31,2,5179.9,Net Banking,Delivered
O00627,U0194,P0060,2025-02-21,3,11523.6,Net Banking,In Transit
O00628,U0197,P0086,2024-07-09,3,8702.4,Net Banking,Delivered
O00629,U0059,P0099,2024-10-22,1,3814.0,Net Banking,Delivered
O00630,U0164,P0054,2024-11-09,3,10681.8,Net Banking,Delivered
O00631,U0062,P0031,2024-12-09,3,11821.8,Credit Card,Cancelled
O00632,U0109,P0094,2025-02-27,3,7769.85,Cash on Delivery,Delivered
O00633,U0178,P0087,2024-11-11,3,3516.0,UPI,Returned
O00634,U0050,P0050,2025-05-14,3,8772.3,Cash on Delivery,Delivered
O00635,U0102,P0032,2025-05-17,2,497.6,UPI,Returned
O00636,U0165,P0074,2024-10-14,1,3230.0,Cash on Delivery,Delivered
O00637,U0112,P0087,2024-08-28,1,1172.0,UPI,Cancelled
O00638,U0048,P0034,2025-01-24,2,6403.0,Credit Card,Returned
O00639,U0066,P0098,2024-09-14,3,8196.6,Net Banking,Cancelled
O00640,U0171,P0019,2024-08-30,3,979.2,Debit Card,Delivered
O00641,U0147,P0089,2025-01-08,1,2952.05,Net Banking,Delivered
O00642,U0139,P0090,2024-07-07,2,3192.0,Credit Card,Returned
O00643,U0021,P0020,2025-04-22,2,3746.0,Debit Card,Cancelled
O00644,U0113,P0021,2025-04-14,1,2143.8,Cash on Delivery,Delivered
O00645,U0105,P0027,2025-04-11,1,810.9,Debit Card,Cancelled
O00646,U0008,P0027,2024-07-31,3,2432.7,UPI,Delivered
O00647,U0075,P0053,2025-03-20,1,3852.0,Cash on Delivery,Returned
O00648,U0119,P0038,2025-06-08,2,8253.6,Credit Card,Delivered
O00649,U0019,P0046,2025-04-01,2,1230.0,UPI,In Transit
O00650,U0135,P0068,2024-07-07,3,6655.5,Credit Card,Cancelled
O00651,U0089,P0014,2024-11-22,3,4416.0,Credit Card,Delivered
O00652,U0164,P0067,2024-12-16,3,1795.5,Debit Card,In Transit
O00653,U0084,P0054,2025-01-18,2,7121.2,Credit Card,In Transit
O00654,U0027,P0044,2024-09-20,3,6327.0,Net Banking,Returned
O00655,U0128,P0069,2025-01-14,3,3296.7,Credit Card,Cancelled
O00656,U0011,P0067,2025-01-10,2,1197.0,Debit Card,In Transit
O00657,U0064,P0016,2024-08-13,1,2326.5,Cash on Delivery,Delivered
O00658,U0037,P0098,2024-09-25,2,5464.4,UPI,Cancelled
O00659,U0118,P0054,2025-04-06,2,7121.2,UPI,In Transit
O00660,U0069,P0045,2025-04-19,3,3248.7,Credit Card,In Transit
O00661,U0040,P0070,2024-08-30,1,714.0,UPI,Returned
O00662,U0185,P0030,2024-07-17,1,2417.4,Net Banking,Delivered
O00663,U0077,P0090,2024-08-06,1,1596.0,Debit Card,In Transit
O00664,U0055,P0061,2025-03-19,1,4309.0,Debit Card,In Transit
O00665,U0131,P0010,2024-09-11,1,1214.65,Cash on Delivery,In Transit
O00666,U0133,P0054,2024-11-11,3,10681.8,UPI,Cancelled
O00667,U0010,P0098,2024-09-20,1,2732.2,Debit Card,Delivered
O00668,U0125,P0079,2024-08-09,2,7966.4,Credit Card,In Transit
O00669,U0186,P0098,2025-03-31,2,5464.4,Debit Card,Delivered
O00670,U0010,P0083,2024-07-22,2,923.1,UPI,Cancelled
O00671,U0008,P0005,2024-11-22,2,7326.0,Cash on Delivery,Cancelled
O00672,U0006,P0026,2024-07-27,1,704.0,Net Banking,Delivered
O00673,U0058,P0056,2024-07-09,3,5783.4,Credit Card,Delivered
O00674,U0020,P0048,2024-09-12,3,14565.0,Debit Card,Delivered
O00675,U0171,P0087,2025-02-04,2,2344.0,Cash on Delivery,In Transit
O00676,U0121,P0036,2024-12-18,1,3918.4,Debit Card,Delivered
O00677,U0197,P0048,2024-08-16,1,4855.0,Debit Card,Returned
O00678,U0141,P0002,2024-10-18,1,374.4,UPI,Delivered
O00679,U0138,P0019,2024-07-09,1,326.4,Debit Card,In Transit
O00680,U0008,P0086,2024-09-12,2,5801.6,UPI,Delivered
O00681,U0156,P0087,2024-12-09,1,1172.0,Net Banking,Returned
O00682,U0132,P0004,2025-03-11,2,4487.8,Credit Card,Delivered
O00683,U0187,P0084,2025-02-17,1,2258.0,Debit Card,Delivered
O00684,U0092,P0089,2025-02-18,3,8856.15,Credit Card,Returned
O00685,U0036,P0061,2025-04-01,1,4309.0,Debit Card,Cancelled
O00686,U0127,P0076,2024-07-13,3,2799.0,UPI,Delivered
O00687,U0070,P0026,2025-05-01,1,704.0,Debit Card,Returned
O00688,U0158,P0017,2024-12-24,1,4032.4,Net Banking,In Transit
O00689,U0081,P0046,2024-10-07,2,1230.0,Net Banking,Returned
O00690,U0118,P0043,2025-04-18,3,11988.0,Debit Card,Delivered
O00691,U0002,P0077,2025-04-26,1,3223.35,UPI,Delivered
O00692,U0099,P0075,2024-07-21,2,1516.0,Credit Card,Returned
O00693,U0133,P0095,2024-10-10,1,3110.4,UPI,Cancelled
O00694,U0056,P0082,2025-01-22,2,652.8,Debit Card,Delivered
O00695,U0135,P0002,2024-10-27,1,374.4,Credit Card,Cancelled
O00696,U0099,P0016,2024-10-02,3,6979.5,Debit Card,Cancelled
O00697,U0047,P0094,2025-04-19,1,2589.95,UPI,Cancelled
O00698,U0017,P0031,2024-12-14,2,7881.2,Credit Card,Returned
O00699,U0158,P0077,2024-10-08,2,6446.7,Net Banking,Cancelled
O00700,U0067,P0036,2024-10-31,2,7836.8,Credit Card,In Transit
O00701,U0181,P0062,2024-10-10,2,7000.0,Net Banking,Delivered
O00702,U0126,P0098,2024-07-04,3,8196.6,Cash on Delivery,In Transit
O00703,U0121,P0013,2025-01-21,2,6400.0,UPI,Returned
O00704,U0009,P0088,2025-03-01,3,2875.2,Debit Card,Cancelled
O00705,U0184,P0074,2025-04-17,1,3230.0,Debit Card,In Transit
O00706,U0154,P0053,2024-07-15,3,11556.0,Debit Card,Cancelled
O00707,U0116,P0073,2025-02-14,3,4893.6,Credit Card,Delivered
O00708,U0177,P0088,2025-03-28,1,958.4,Net Banking,Returned
O00709,U0092,P0024,2024-06-27,3,10551.9,Credit Card,Delivered
O00710,U0194,P0076,2024-10-29,1,933.0,UPI,In Transit
O00711,U0123,P0025,2024-08-18,2,8220.6,Debit Card,In Transit
O00712,U0167,P0048,2025-02-24,2,9710.0,Credit Card,Returned
O00713,U0070,P0015,2024-08-08,3,12296.1,Debit Card,In Transit
O00714,U0118,P0011,2025-05-17,1,1160.9,Credit Card,Delivered
O00715,U0052,P0092,2024-08-05,2,7907.4,UPI,Returned
O00716,U0180,P0006,2024-07-20,1,2704.8,Debit Card,Delivered
O00717,U0098,P0076,2024-09-23,2,1866.0,Net Banking,In Transit
O00718,U0075,P0011,2025-04-01,2,2321.8,Debit Card,Returned
O00719,U0075,P0069,2024-12-30,2,2197.8,Credit Card,Delivered
O00720,U0027,P0036,2024-08-09,1,3918.4,Debit Card,Returned
O00721,U0102,P0044,2024-10-01,3,6327.0,Net Banking,In Transit
O00722,U0144,P0076,2025-03-01,1,933.0,Net Banking,Delivered
O00723,U0033,P0069,2025-05-01,1,1098.9,Cash on Delivery,Cancelled
O00724,U0160,P0003,2025-06-02,1,293.6,Cash on Delivery,Cancelled
O00725,U0027,P0005,2025-04-16,3,10989.0,Credit Card,Returned
O00726,U0175,P0080,2025-04-26,2,6928.2,Debit Card,Cancelled
O00727,U0095,P0035,2025-04-19,1,4199.0,Debit Card,In Transit
O00728,U0175,P0031,2025-05-28,3,11821.8,Debit Card,Returned
O00729,U0139,P0005,2024-06-13,1,3663.0,Debit Card,Cancelled
O00730,U0117,P0011,2025-01-20,2,2321.8,Cash on Delivery,Cancelled
O00731,U0007,P0045,2025-03-20,2,2165.8,Net Banking,Delivered
O00732,U0045,P0013,2024-12-20,1,3200.0,Net Banking,Returned
O00733,U0133,P0018,2025-01-10,3,9447.75,Net Banking,Returned
O00734,U0024,P0080,2024-10-06,1,3464.1,Net Banking,Cancelled
O00735,U0121,P0051,2025-02-08,3,1718.4,UPI,In Transit
O00736,U0105,P0087,2024-08-01,2,2344.0,Credit Card,Returned
O00737,U0120,P0040,2025-05-01,3,13224.0,Cash on Delivery,In Transit
O00738,U0082,P0048,2024-11-29,2,9710.0,Cash on Delivery,Cancelled
O00739,U0115,P0076,2024-10-22,3,2799.0,Credit Card,In Transit
O00740,U0049,P0033,2024-08-15,1,1473.6,Credit Card,Delivered
O00741,U0041,P0097,2024-07-04,3,11739.0,Credit Card,Returned
O00742,U0091,P0009,2024-08-28,2,2369.3,Credit Card,Cancelled
O00743,U0132,P0006,2024-12-26,2,5409.6,Cash on Delivery,Cancelled
O00744,U0014,P0099,2024-06-10,2,7628.0,Credit Card,Cancelled
O00745,U0098,P0060,2024-12-25,2,7682.4,Credit Card,Returned
O00746,U0013,P0037,2025-03-15,1,2036.0,Debit Card,In Transit
O00747,U0149,P0095,2024-09-19,2,6220.8,Cash on Delivery,Cancelled
O00748,U0107,P0045,2024-11-27,3,3248.7,Credit Card,Cancelled
O00749,U0111,P0086,2025-01-10,1,2900.8,Credit Card,Cancelled
O00750,U0184,P0074,2024-11-28,3,9690.0,UPI,Delivered
O00751,U0161,P0076,2024-11-06,3,2799.0,Net Banking,Returned
O00752,U0105,P0100,2024-08-12,2,5966.0,UPI,In Transit
O00753,U0082,P0015,2024-11-03,2,8197.4,Debit Card,Returned
O00754,U0103,P0058,2024-08-13,2,4330.1,UPI,Returned
O00755,U0126,P0008,2025-03-25,3,3109.35,Credit Card,In Transit
O00756,U0051,P0084,2025-03-31,1,2258.0,Credit Card,In Transit
O00757,U0039,P0066,2024-11-12,1,1450.1,UPI,Returned
O00758,U0126,P0071,2024-09-24,3,8942.4,Cash on Delivery,Returned
O00759,U0182,P0083,2025-01-08,3,1384.65,UPI,Cancelled
O00760,U0032,P0088,2025-05-30,2,1916.8,Net Banking,Delivered
O00761,U0064,P0041,2024-11-27,1,3303.0,Net Banking,Delivered
O00762,U0045,P0048,2025-02-28,1,4855.0,UPI,Returned
O00763,U0154,P0045,2025-03-29,3,3248.7,UPI,In Transit
O00764,U0113,P0053,2024-08-29,1,3852.0,Net Banking,Returned
O00765,U0181,P0060,2024-09-26,1,3841.2,Net Banking,Cancelled
O00766,U0070,P0043,2025-05-07,2,7992.0,Net Banking,In Transit
O00767,U0020,P0073,2025-01-13,3,4893.6,Cash on Delivery,Returned
O00768,U0005,P0011,2025-05-10,2,2321.8,Cash on Delivery,Cancelled
O00769,U0176,P0066,2024-10-05,1,1450.1,UPI,Returned
O00770,U0136,P0099,2024-08-18,2,7628.0,Net Banking,Cancelled
O00771,U0028,P0042,2025-05-13,2,4206.0,UPI,Returned
O00772,U0135,P0058,2025-06-03,3,6495.15,UPI,Delivered
O00773,U0160,P0071,2024-07-05,1,2980.8,Net Banking,Cancelled
O00774,U0035,P0055,2025-04-23,3,13194.9,Credit Card,In Transit
O00775,U0120,P0037,2024-12-25,2,4072.0,Cash on Delivery,In Transit
O00776,U0131,P0003,2025-04-27,3,880.8,UPI,Returned
O00777,U0176,P0091,2024-08-21,3,5293.8,Credit Card,Returned
O00778,U0024,P0066,2024-08-23,1,1450.1,Net Banking,Cancelled
O00779,U0022,P0062,2024-11-11,3,10500.0,UPI,Returned
O00780,U0140,P0081,2024-10-22,1,720.0,Debit Card,Delivered
O00781,U0092,P0041,2024-10-22,1,3303.0,Debit Card,Delivered
O00782,U0089,P0082,2025-05-29,2,652.8,Cash on Delivery,In Transit
O00783,U0192,P0006,2024-08-21,3,8114.4,Cash on Delivery,Delivered
O00784,U0169,P0081,2025-01-01,1,720.0,Net Banking,In Transit
O00785,U0051,P0011,2024-10-15,3,3482.7,Debit Card,Returned
O00786,U0031,P0030,2025-02-24,1,2417.4,Net Banking,Cancelled
O00787,U0029,P0057,2024-08-19,1,3474.15,Cash on Delivery,Returned
O00788,U0123,P0028,2025-01-31,1,4636.95,Net Banking,Returned
O00789,U0003,P0002,2025-02-26,2,748.8,Net Banking,Delivered
O00790,U0051,P0040,2024-06-11,2,8816.0,Credit Card,Delivered
O00791,U0086,P0075,2024-07-04,2,1516.0,Debit Card,Cancelled
O00792,U0112,P0034,2025-02-27,2,6403.0,Debit Card,Returned
O00793,U0058,P0055,2024-12-18,2,8796.6,UPI,Delivered
O00794,U0139,P0003,2025-04-09,1,293.6,Debit Card,Returned
O00795,U0082,P0047,2024-06-22,3,6591.0,Credit Card,Cancelled
O00796,U0096,P0094,2025-03-04,2,5179.9,Cash on Delivery,Delivered
O00797,U0168,P0003,2024-11-20,3,880.8,UPI,In Transit
O00798,U0080,P0062,2025-05-17,1,3500.0,Debit Card,Delivered
O00799,U0186,P0040,2025-01-31,3,13224.0,Net Banking,Returned
O00800,U0052,P0007,2024-11-17,2,3560.0,UPI,In Transit
O00801,U0090,P0082,2025-02-07,3,979.2,Cash on Delivery,Cancelled
O00802,U0024,P0013,2025-01-01,1,3200.0,Net Banking,In Transit
O00803,U0020,P0057,2024-08-17,2,6948.3,UPI,Delivered
O00804,U0011,P0093,2024-10-25,3,7137.45,UPI,Returned
O00805,U0012,P0081,2025-05-28,2,1440.0,Debit Card,Returned
O00806,U0128,P0009,2025-05-29,3,3553.95,UPI,In Transit
O00807,U0193,P0042,2024-07-23,2,4206.0,Net Banking,In Transit
O00808,U0196,P0042,2024-10-14,2,4206.0,UPI,Returned
O00809,U0155,P0095,2024-12-24,3,9331.2,Net Banking,Delivered
O00810,U0034,P0021,2025-05-07,3,6431.4,Cash on Delivery,Returned
O00811,U0118,P0060,2024-06-16,3,11523.6,Cash on Delivery,Delivered
O00812,U0081,P0023,2024-11-28,2,2606.1,Credit Card,Delivered
O00813,U0185,P0053,2025-03-19,2,7704.0,Net Banking,In Transit
O00814,U0002,P0086,2025-01-06,2,5801.6,UPI,In Transit
O00815,U0053,P0015,2025-01-22,2,8197.4,Cash on Delivery,Delivered
O00816,U0010,P0097,2025-03-10,1,3913.0,UPI,Cancelled
O00817,U0124,P0065,2025-04-28,1,1201.75,Credit Card,Delivered
O00818,U0188,P0029,2024-08-26,2,7396.0,Debit Card,Returned
O00819,U0060,P0092,2025-05-08,3,11861.1,Credit Card,In Transit
O00820,U0124,P0034,2025-03-27,3,9604.5,Credit Card,In Transit
O00821,U0048,P0027,2025-01-20,3,2432.7,Cash on Delivery,Delivered
O00822,U0127,P0001,2025-01-02,2,7060.1,Cash on Delivery,Delivered
O00823,U0002,P0083,2025-02-25,2,923.1,UPI,Returned
O00824,U0089,P0062,2024-12-06,1,3500.0,Credit Card,In Transit
O00825,U0134,P0075,2024-07-14,3,2274.0,Net Banking,In Transit
O00826,U0076,P0093,2025-01-29,1,2379.15,Debit Card,Returned
O00827,U0058,P0036,2025-05-22,2,7836.8,Debit Card,Delivered
O00828,U0042,P0019,2024-07-18,2,652.8,Net Banking,Returned
O00829,U0039,P0096,2024-07-17,3,5094.0,Cash on Delivery,Cancelled
O00830,U0008,P0026,2025-06-03,1,704.0,Debit Card,Cancelled
O00831,U0144,P0014,2024-12-31,3,4416.0,Debit Card,Cancelled
O00832,U0066,P0005,2024-08-26,2,7326.0,Credit Card,Delivered
O00833,U0023,P0047,2025-04-11,2,4394.0,Debit Card,Cancelled
O00834,U0196,P0055,2024-12-13,2,8796.6,Cash on Delivery,Delivered
O00835,U0171,P0068,2025-04-19,3,6655.5,Debit Card,Delivered
O00836,U0112,P0066,2025-04-22,3,4350.3,Credit Card,Delivered
O00837,U0054,P0097,2024-07-27,3,11739.0,UPI,Cancelled
O00838,U0089,P0092,2024-06-19,3,11861.1,Credit Card,Returned
O00839,U0136,P0018,2024-09-17,1,3149.25,Debit Card,Returned
O00840,U0100,P0010,2024-09-11,2,2429.3,UPI,Cancelled
O00841,U0059,P0043,2024-10-16,1,3996.0,Net Banking,Delivered
O00842,U0141,P0093,2024-09-23,2,4758.3,Debit Card,Returned
O00843,U0036,P0058,2025-03-11,2,4330.1,Debit Card,Returned
O00844,U0048,P0012,2024-12-21,1,556.75,Net Banking,Delivered
O00845,U0130,P0025,2025-05-14,2,8220.6,Credit Card,Cancelled
O00846,U0068,P0011,2025-02-08,2,2321.8,Net Banking,Returned
O00847,U0124,P0068,2025-01-30,2,4437.0,Net Banking,Cancelled
O00848,U0010,P0030,2025-04-30,3,7252.2,Cash on Delivery,Delivered
O00849,U0073,P0009,2024-11-30,1,1184.65,Cash on Delivery,Returned
O00850,U0033,P0046,2024-09-27,2,1230.0,Debit Card,In Transit
O00851,U0174,P0068,2025-01-04,3,6655.5,Net Banking,In Transit
O00852,U0032,P0077,2024-07-15,2,6446.7,Credit Card,In Transit
O00853,U0190,P0054,2024-08-18,2,7121.2,Debit Card,Delivered
O00854,U0159,P0093,2024-08-24,2,4758.3,Credit Card,In Transit
O00855,U0096,P0081,2025-04-26,3,2160.0,Debit Card,Cancelled
O00856,U0113,P0069,2025-05-09,1,1098.9,Debit Card,Cancelled
O00857,U0006,P0078,2024-07-09,3,7632.15,UPI,In Transit
O00858,U0045,P0006,2025-01-23,2,5409.6,Credit Card,Delivered
O00859,U0118,P0019,2025-03-09,2,652.8,Cash on Delivery,Cancelled
O00860,U0129,P0015,2025-01-02,2,8197.4,Net Banking,Delivered
O00861,U0032,P0050,2024-12-30,3,8772.3,UPI,In Transit
O00862,U0101,P0067,2024-09-14,1,598.5,Cash on Delivery,Returned
O00863,U0174,P0096,2025-01-31,3,5094.0,Net Banking,Returned
O00864,U0122,P0093,2024-12-07,2,4758.3,Credit Card,Delivered
O00865,U0069,P0037,2024-09-08,3,6108.0,UPI,Cancelled
O00866,U0137,P0083,2024-11-10,2,923.1,Cash on Delivery,Returned
O00867,U0176,P0023,2025-02-23,2,2606.1,Cash on Delivery,Delivered
O00868,U0187,P0083,2024-07-31,2,923.1,UPI,Returned
O00869,U0013,P0035,2024-11-25,2,8398.0,UPI,Returned
O00870,U0115,P0048,2024-06-17,3,14565.0,Debit Card,In Transit
O00871,U0045,P0012,2024-08-23,2,1113.5,Credit Card,Returned
O00872,U0047,P0031,2025-02-18,3,11821.8,UPI,Returned
O00873,U0056,P0083,2024-08-10,2,923.1,UPI,Cancelled
O00874,U0095,P0009,2025-03-23,1,1184.65,Debit Card,In Transit
O00875,U0181,P0006,2024-06-18,2,5409.6,Net Banking,Delivered
O00876,U0103,P0060,2024-10-26,1,3841.2,Credit Card,Returned
O00877,U0178,P0098,2025-04-04,3,8196.6,Cash on Delivery,In Transit
O00878,U0028,P0053,2024-08-23,2,7704.0,Credit Card,In Transit
O00879,U0076,P0058,2024-12-19,3,6495.15,Net Banking,Cancelled
O00880,U0042,P0076,2025-01-07,2,1866.0,Debit Card,Delivered
O00881,U0181,P0041,2025-01-18,3,9909.0,Debit Card,Delivered
O00882,U0195,P0024,2025-04-01,1,3517.3,UPI,In Transit
O00883,U0036,P0036,2025-01-21,2,7836.8,Credit Card,Delivered
O00884,U0056,P0008,2024-07-25,1,1036.45,UPI,Returned
O00885,U0121,P0059,2025-06-04,1,1241.0,UPI,In Transit
O00886,U0137,P0012,2024-08-01,2,1113.5,Cash on Delivery,In Transit
O00887,U0005,P0020,2025-05-30,2,3746.0,UPI,Delivered
O00888,U0097,P0056,2025-05-20,3,5783.4,Cash on Delivery,In Transit
O00889,U0057,P0082,2025-04-10,2,652.8,Credit Card,Returned
O00890,U0130,P0046,2025-01-23,2,1230.0,Cash on Delivery,Delivered
O00891,U0091,P0050,2024-11-02,1,2924.1,Cash on Delivery,Delivered
O00892,U0169,P0015,2024-09-27,2,8197.4,Debit Card,Cancelled
O00893,U0128,P0085,2024-08-10,2,1579.2,Net Banking,Cancelled
O00894,U0194,P0047,2024-08-21,3,6591.0,Credit Card,Returned
O00895,U0093,P0037,2025-06-07,3,6108.0,Debit Card,In Transit
O00896,U0179,P0031,2024-10-13,2,7881.2,UPI,Delivered
O00897,U0051,P0048,2024-11-11,3,14565.0,Credit Card,In Transit
O00898,U0015,P0089,2024-06-21,1,2952.05,UPI,Returned
O00899,U0181,P0048,2025-04-08,2,9710.0,UPI,In Transit
O00900,U0038,P0040,2024-09-08,3,13224.0,Net Banking,Returned
O00901,U0140,P0049,2024-07-28,2,3757.0,Credit Card,Delivered
O00902,U0090,P0004,2025-05-07,1,2243.9,Debit Card,Delivered
O00903,U0095,P0033,2025-02-21,2,2947.2,Cash on Delivery,Returned
O00904,U0006,P0018,2024-12-14,3,9447.75,Net Banking,In Transit
O00905,U0032,P0008,2024-12-04,1,1036.45,UPI,Delivered
O00906,U0001,P0039,2025-04-20,1,1403.2,Cash on Delivery,In Transit
O00907,U0051,P0094,2024-08-23,1,2589.95,Debit Card,In Transit
O00908,U0048,P0015,2025-02-02,3,12296.1,Net Banking,Delivered
O00909,U0098,P0022,2025-03-16,2,2714.4,Net Banking,Cancelled
O00910,U0097,P0073,2024-12-25,2,3262.4,UPI,Cancelled
O00911,U0035,P0080,2024-10-10,3,10392.3,UPI,Cancelled
O00912,U0069,P0020,2024-06-08,1,1873.0,Debit Card,In Transit
O00913,U0104,P0039,2025-03-14,1,1403.2,Credit Card,Delivered
O00914,U0079,P0048,2025-06-05,3,14565.0,Cash on Delivery,Delivered
O00915,U0170,P0063,2025-04-18,1,1647.3,Credit Card,In Transit
O00916,U0027,P0044,2024-12-11,1,2109.0,Net Banking,Cancelled
O00917,U0057,P0012,2025-01-06,1,556.75,Credit Card,Delivered
O00918,U0069,P0098,2025-05-03,1,2732.2,UPI,In Transit
O00919,U0177,P0065,2025-01-22,1,1201.75,UPI,Delivered
O00920,U0014,P0045,2024-12-03,1,1082.9,Debit Card,Returned
O00921,U0117,P0066,2024-07-31,2,2900.2,Debit Card,Cancelled
O00922,U0061,P0005,2024-12-30,2,7326.0,Credit Card,Returned
O00923,U0044,P0028,2024-06-29,2,9273.9,Credit Card,Delivered
O00924,U0099,P0033,2024-06-27,2,2947.2,Net Banking,Delivered
O00925,U0156,P0067,2024-12-29,3,1795.5,Net Banking,Delivered
O00926,U0070,P0003,2024-09-06,1,293.6,Cash on Delivery,In Transit
O00927,U0119,P0043,2024-12-14,2,7992.0,Credit Card,Cancelled
O00928,U0046,P0081,2024-09-28,2,1440.0,Credit Card,Returned
O00929,U0174,P0061,2025-03-17,2,8618.0,Debit Card,Returned
O00930,U0031,P0005,2025-04-13,1,3663.0,UPI,In Transit
O00931,U0059,P0100,2024-12-11,1,2983.0,Debit Card,Cancelled
O00932,U0151,P0041,2025-03-12,3,9909.0,Credit Card,In Transit
O00933,U0046,P0012,2024-06-17,1,556.75,Net Banking,Returned
O00934,U0182,P0019,2024-10-06,3,979.2,UPI,Cancelled
O00935,U0122,P0085,2024-10-24,2,1579.2,Credit Card,Returned
O00936,U0199,P0004,2025-05-25,1,2243.9,Credit Card,Delivered
O00937,U0168,P0094,2024-12-21,2,5179.9,Debit Card,Cancelled
O00938,U0160,P0027,2025-04-30,1,810.9,UPI,In Transit
O00939,U0110,P0008,2024-08-05,3,3109.35,UPI,Delivered
O00940,U0157,P0083,2024-10-19,2,923.1,UPI,Cancelled
O00941,U0124,P0001,2025-01-18,3,10590.15,Net Banking,Returned
O00942,U0089,P0067,2024-10-13,3,1795.5,Net Banking,In Transit
O00943,U0041,P0034,2024-09-09,3,9604.5,Credit Card,Delivered
O00944,U0189,P0069,2024-10-04,2,2197.8,UPI,Returned
O00945,U0004,P0084,2024-08-10,3,6774.0,Debit Card,Cancelled
O00946,U0035,P0085,2024-09-09,3,2368.8,Debit Card,In Transit
O00947,U0083,P0061,2024-09-23,3,12927.0,Credit Card,Delivered
O00948,U0013,P0068,2024-12-23,1,2218.5,Cash on Delivery,Returned
O00949,U0159,P0023,2025-04-06,1,1303.05,Cash on Delivery,Cancelled
O00950,U0084,P0068,2024-11-20,2,4437.0,Credit Card,Delivered
O00951,U0178,P0066,2024-11-02,2,2900.2,UPI,Returned
O00952,U0140,P0026,2025-05-18,1,704.0,Debit Card,Cancelled
O00953,U0009,P0001,2024-07-28,1,3530.05,Debit Card,In Transit
O00954,U0037,P0077,2024-12-14,2,6446.7,Credit Card,Returned
O00955,U0001,P0038,2024-08-10,1,4126.8,Debit Card,Cancelled
O00956,U0169,P0050,2025-04-13,1,2924.1,UPI,Returned
O00957,U0101,P0016,2025-04-01,1,2326.5,Credit Card,Returned
O00958,U0052,P0082,2024-12-11,1,326.4,Cash on Delivery,Returned
O00959,U0041,P0053,2025-05-25,2,7704.0,Cash on Delivery,In Transit
O00960,U0176,P0012,2024-12-28,3,1670.25,Net Banking,Cancelled
O00961,U0191,P0042,2024-09-20,2,4206.0,Credit Card,In Transit
O00962,U0080,P0062,2025-01-01,3,10500.0,UPI,Delivered
O00963,U0179,P0084,2025-05-30,1,2258.0,UPI,In Transit
O00964,U0183,P0028,2025-05-17,3,13910.85,Cash on Delivery,Cancelled
O00965,U0043,P0003,2025-04-07,1,293.6,Debit Card,In Transit
O00966,U0055,P0077,2024-11-17,2,6446.7,UPI,Returned
O00967,U0150,P0060,2024-09-18,3,11523.6,Debit Card,In Transit
O00968,U0167,P0029,2025-05-10,2,7396.0,Cash on Delivery,In Transit
O00969,U0079,P0037,2025-01-06,1,2036.0,Cash on Delivery,Delivered
O00970,U0105,P0088,2025-04-26,2,1916.8,Net Banking,In Transit
O00971,U0031,P0088,2025-04-02,2,1916.8,Debit Card,In Transit
O00972,U0170,P0049,2024-11-05,3,5635.5,Net Banking,In Transit
O00973,U0025,P0009,2024-11-30,2,2369.3,UPI,Cancelled
O00974,U0094,P0049,2024-11-07,1,1878.5,Net Banking,Returned
O00975,U0090,P0053,2024-07-19,2,7704.0,Debit Card,Cancelled
O00976,U0053,P0043,2025-02-01,2,7992.0,UPI,Cancelled
O00977,U0087,P0068,2025-02-11,1,2218.5,Net Banking,Delivered
O00978,U0180,P0007,2025-04-12,3,5340.0,Net Banking,In Transit
O00979,U0068,P0057,2024-06-28,3,10422.45,UPI,Returned
O00980,U0111,P0046,2025-03-31,2,1230.0,Cash on Delivery,Delivered
O00981,U0001,P0072,2024-09-13,2,2143.2,Cash on Delivery,In Transit
O00982,U0010,P0034,2024-10-23,3,9604.5,Debit Card,Returned
O00983,U0174,P0066,2024-10-31,2,2900.2,Credit Card,Cancelled
O00984,U0039,P0067,2025-04-01,1,598.5,Debit Card,Delivered
O00985,U0075,P0001,2025-01-22,2,7060.1,Credit Card,Cancelled
O00986,U0063,P0001,2024-09-15,3,10590.15,Net Banking,Delivered
O00987,U0061,P0052,2024-06-30,2,8369.5,UPI,Returned
O00988,U0050,P0068,2024-06-09,3,6655.5,Cash on Delivery,Delivered
O00989,U0135,P0044,2025-03-27,1,2109.0,Cash on Delivery,In Transit
O00990,U0172,P0060,2025-01-24,1,3841.2,UPI,Cancelled
O00991,U0092,P0059,2024-09-05,2,2482.0,UPI,In Transit
O00992,U0127,P0012,2025-02-22,1,556.75,Cash on Delivery,Returned
O00993,U0174,P0062,2024-12-07,1,3500.0,UPI,Returned
O00994,U0179,P0036,2024-07-04,1,3918.4,UPI,Returned
O00995,U0105,P0065,2025-03-26,2,2403.5,Credit Card,Delivered
O00996,U0089,P0042,2025-03-27,2,4206.0,Net Banking,Returned
O00997,U0007,P0050,2025-02-22,1,2924.1,Cash on Delivery,Returned
O00998,U0117,P0080,2024-06-26,3,10392.3,Cash on Delivery,Returned
O00999,U0087,P0034,2025-04-10,1,3201.5,Credit Card,Cancelled
O01000,U0102,P0012,2024-10-24,3,1670.25,Credit Card,Returned
