review_id,user_id,product_id,rating,comment,review_date
R0001,U0120,P0067,3,Simple sound side leader box.,2024-06-24
R0002,U0013,P0043,2,Lose Congress meeting baby wait remain approach field.,2025-04-06
R0003,U0086,P0076,2,Success road surface say.,2025-04-08
R0004,U0023,P0079,1,Country moment black.,2025-03-29
R0005,U0034,P0028,3,Heavy three allow side get simply.,2024-11-14
R0006,U0194,P0002,5,Develop large memory generation space author all.,2025-04-05
R0007,U0023,P0076,1,Four west cultural outside full.,2025-01-16
R0008,U0090,P0068,4,Lot chance college whether health.,2024-11-04
R0009,U0191,P0054,2,Thought decade step business.,2025-03-28
R0010,U0146,P0046,2,Medical stand turn speech issue dream nor.,2025-02-09
R0011,U0104,P0002,4,Beat wide deep help.,2025-02-06
R0012,U0131,P0068,1,Debate oil material above game drive represent section.,2024-09-25
R0013,U0188,P0092,5,Quality production commercial name still hold.,2024-12-10
R0014,U0120,P0072,4,Inside bank style detail thought mean author newspaper.,2024-11-09
R0015,U0132,P0073,3,Matter next way analysis vote today five.,2024-09-30
R0016,U0043,P0096,5,Heavy I through small both.,2024-11-21
R0017,U0141,P0055,3,Church want radio similar.,2025-03-22
R0018,U0075,P0071,3,Arrive nation level score point.,2025-05-14
R0019,U0071,P0080,5,Tough body office must.,2024-11-21
R0020,U0083,P0044,2,Hard name minute know.,2024-10-21
R0021,U0019,P0048,3,Approach easy speech all despite meeting one.,2024-09-03
R0022,U0189,P0071,1,Time describe fine summer.,2025-01-05
R0023,U0114,P0099,2,View way we government small.,2024-08-21
R0024,U0162,P0083,1,Radio chance compare good social ask free.,2025-03-22
R0025,U0179,P0001,5,Picture president sell.,2025-05-06
R0026,U0134,P0049,5,Loss smile spend cell chance instead.,2024-09-25
R0027,U0003,P0077,1,Light sort effect.,2024-11-30
R0028,U0144,P0054,1,Prevent us foot environmental everything.,2025-01-15
R0029,U0015,P0031,1,Activity past next bill evening data.,2024-06-12
R0030,U0184,P0061,2,Market matter try start.,2024-09-04
R0031,U0166,P0041,3,During respond prevent.,2025-03-14
R0032,U0120,P0098,5,Industry lot kitchen through reflect attention thing.,2025-02-23
R0033,U0074,P0078,3,Better someone letter very administration group minute.,2024-08-22
R0034,U0006,P0049,3,Clearly answer hand person compare.,2024-10-18
R0035,U0084,P0003,3,Site poor occur open.,2024-09-02
R0036,U0139,P0029,3,Hold reduce door ball specific pick know.,2025-03-12
R0037,U0080,P0100,1,Outside character walk there speak.,2025-01-19
R0038,U0047,P0027,5,Great you fear trial wide participant.,2024-09-17
R0039,U0133,P0078,1,Million end carry lead.,2025-01-25
R0040,U0104,P0041,3,Finally stop baby shake.,2024-08-10
R0041,U0061,P0004,5,Heart turn evidence join mention agree recent.,2024-09-16
R0042,U0073,P0037,5,About check capital end.,2025-05-09
R0043,U0183,P0073,2,Ago believe decade laugh stand try face.,2025-04-14
R0044,U0141,P0077,3,First campaign in ready choose time.,2024-09-03
R0045,U0187,P0082,1,Focus so without body standard cost.,2025-06-01
R0046,U0071,P0043,2,Similar describe law already word factor shoulder.,2024-10-17
R0047,U0056,P0009,5,Radio young air since.,2025-01-01
R0048,U0137,P0029,3,Partner base woman general as interesting ground but.,2025-04-25
R0049,U0077,P0072,1,Individual seven ago on.,2024-07-10
R0050,U0130,P0071,5,Least left series commercial create.,2024-07-17
R0051,U0082,P0098,3,Science big above provide for yourself particularly.,2024-06-23
R0052,U0105,P0014,2,Defense those size with herself bed old dark.,2025-05-31
R0053,U0005,P0065,5,Word mind now Democrat walk many pick.,2024-08-21
R0054,U0001,P0014,5,Upon general control same.,2025-04-22
R0055,U0011,P0058,4,Lot lead effect fall follow east.,2024-10-07
R0056,U0015,P0011,4,Money under bad tell meeting before.,2025-02-01
R0057,U0061,P0010,3,May long week college.,2025-01-12
R0058,U0117,P0072,1,American want however vote research lay decision successful.,2025-03-14
R0059,U0105,P0030,2,Window blue page minute assume.,2024-06-15
R0060,U0039,P0024,3,Similar notice probably.,2025-02-20
R0061,U0169,P0058,5,Rest field little ready particular must serve TV.,2024-12-05
R0062,U0069,P0019,3,Most check majority region agent.,2024-08-01
R0063,U0114,P0073,3,Audience small soldier through energy music.,2025-01-23
R0064,U0087,P0079,1,Determine radio provide tough.,2025-01-01
R0065,U0124,P0098,4,Indicate sell have truth second most.,2024-06-27
R0066,U0107,P0074,1,Dinner be become family.,2025-02-25
R0067,U0113,P0009,1,Woman film sure like.,2024-08-18
R0068,U0133,P0053,3,However together thought cost boy oil.,2024-12-05
R0069,U0033,P0036,4,Option boy cover despite sure.,2024-10-16
R0070,U0024,P0058,4,Animal from hot and somebody five moment.,2024-12-25
R0071,U0014,P0098,1,Song quality forward him color walk enter relationship.,2024-09-16
R0072,U0010,P0059,4,Interview road newspaper owner save.,2024-11-23
R0073,U0157,P0003,1,Discussion east mission accept.,2024-07-02
R0074,U0183,P0049,1,Here class strong citizen.,2025-02-03
R0075,U0162,P0017,4,Message painting research we force remember compare large.,2024-10-26
R0076,U0149,P0024,1,Those exist center news old because last.,2025-01-12
R0077,U0101,P0070,2,Media nearly evidence government detail material.,2024-08-19
R0078,U0059,P0003,2,Person green half camera full.,2025-04-25
R0079,U0004,P0005,3,Necessary upon industry economy learn white yeah.,2024-07-14
R0080,U0048,P0062,3,Their rate occur special poor season rise.,2024-11-09
R0081,U0101,P0080,1,Necessary by relationship nice.,2024-11-10
R0082,U0089,P0015,4,Public treatment attorney building garden until.,2025-04-09
R0083,U0015,P0088,3,Young certain approach.,2024-10-27
R0084,U0082,P0052,2,Stock watch who page argue type.,2025-02-22
R0085,U0081,P0009,3,Sometimes test subject range argue north.,2024-11-12
R0086,U0068,P0093,3,Draw most Democrat not turn yourself.,2024-11-28
R0087,U0115,P0026,1,Significant door guess cold assume.,2024-11-06
R0088,U0156,P0010,5,Some which set by.,2024-10-11
R0089,U0195,P0083,1,Compare risk never just.,2024-10-01
R0090,U0011,P0060,4,Authority parent but can our present.,2025-03-08
R0091,U0168,P0082,1,Young onto black blood force approach others.,2024-11-10
R0092,U0118,P0049,1,Happy book at why think offer dream hundred.,2025-03-31
R0093,U0024,P0016,4,Onto machine we today.,2024-11-11
R0094,U0127,P0013,2,Team car role cup church.,2025-01-17
R0095,U0166,P0099,5,Commercial my rise head.,2024-11-29
R0096,U0052,P0046,1,Man agent environmental computer positive road.,2024-11-11
R0097,U0032,P0046,2,Serve against somebody white fish central whose.,2025-01-25
R0098,U0002,P0059,2,Already mention child.,2024-08-01
R0099,U0038,P0053,4,Firm much might theory about.,2024-09-14
R0100,U0039,P0088,2,Discover live these.,2025-01-22
R0101,U0106,P0056,5,Deep subject crime story information.,2024-09-10
R0102,U0173,P0030,1,Political civil food nation report.,2025-01-13
R0103,U0078,P0023,4,Education budget attorney I husband painting.,2024-08-19
R0104,U0196,P0056,4,Since score imagine interesting likely maybe history.,2024-12-13
R0105,U0103,P0099,4,Southern we here half arrive teacher.,2024-07-13
R0106,U0182,P0015,1,Music condition director year catch.,2024-08-07
R0107,U0155,P0053,1,Ten approach race toward.,2025-04-22
R0108,U0177,P0024,5,Involve check yard as.,2024-12-01
R0109,U0050,P0039,3,Foot law travel quality compare keep win.,2024-12-12
R0110,U0132,P0056,5,Culture among several property everybody leg.,2025-05-03
R0111,U0071,P0026,1,Manage yard kind.,2024-08-02
R0112,U0040,P0017,3,Check art artist improve no set wrong.,2024-08-18
R0113,U0001,P0043,3,Owner for yard any item reduce.,2025-05-26
R0114,U0019,P0048,2,Think career know surface throughout include somebody.,2025-04-23
R0115,U0176,P0072,1,Consumer general book book recent commercial.,2024-09-10
R0116,U0183,P0078,3,Try down admit reason subject.,2024-07-10
R0117,U0043,P0029,1,Character year while.,2024-07-08
R0118,U0069,P0046,2,Guy buy traditional fall American move peace among.,2025-05-22
R0119,U0109,P0065,5,Benefit experience hotel responsibility example.,2025-02-01
R0120,U0019,P0059,2,Mouth change program time raise.,2024-10-15
R0121,U0022,P0014,1,Social worry raise.,2025-03-27
R0122,U0150,P0089,1,Action clear remember old among feeling style.,2025-01-07
R0123,U0136,P0084,4,Goal day town we seven night.,2025-03-20
R0124,U0102,P0069,2,With prepare soon mouth strategy world child.,2025-02-16
R0125,U0071,P0052,5,Leave subject central sing environment drop.,2024-09-26
R0126,U0180,P0067,4,Soldier father difficult reality strategy individual hand.,2025-05-06
R0127,U0145,P0069,2,Us art none even.,2025-04-23
R0128,U0179,P0100,5,Single face accept region pattern.,2024-11-29
R0129,U0167,P0058,1,Order decision cell expect discuss other.,2024-10-03
R0130,U0177,P0012,3,Enjoy help address upon.,2025-01-22
R0131,U0098,P0065,5,Upon all father second.,2025-05-05
R0132,U0130,P0081,4,Foot year key debate safe.,2025-05-17
R0133,U0044,P0044,1,Yet space if condition office success process same.,2024-06-16
R0134,U0060,P0002,4,Require tax parent each situation.,2025-02-02
R0135,U0018,P0094,4,Front huge window sure.,2025-03-31
R0136,U0041,P0095,5,Bill claim reason peace get office.,2025-03-09
R0137,U0035,P0025,5,Candidate identify believe ahead difference situation catch.,2024-10-04
R0138,U0032,P0031,2,Avoid chair head employee.,2024-10-22
R0139,U0017,P0087,2,Benefit stuff soldier ground should agency.,2024-11-08
R0140,U0016,P0036,4,Style amount do store raise.,2025-03-28
R0141,U0114,P0094,4,Really bar exist begin.,2025-04-06
R0142,U0167,P0052,1,Trip apply somebody organization agreement attention.,2025-01-17
R0143,U0181,P0065,3,Whose series high blood poor water.,2024-10-22
R0144,U0065,P0089,3,Into full late up doctor.,2025-04-28
R0145,U0123,P0060,5,Bring building white identify bit late.,2025-03-13
R0146,U0177,P0084,4,Record prepare write yes threat entire politics.,2025-05-27
R0147,U0059,P0005,3,Off morning drive opportunity.,2024-11-06
R0148,U0130,P0080,3,Democratic education or play.,2025-03-21
R0149,U0081,P0066,2,White page possible which about.,2024-10-30
R0150,U0037,P0029,1,Customer benefit mother people industry.,2024-09-20
R0151,U0027,P0073,3,There role assume talk anything.,2024-12-15
R0152,U0053,P0095,5,Toward glass in environmental seat also none range.,2024-12-06
R0153,U0042,P0003,4,But account detail part rich.,2025-04-25
R0154,U0166,P0017,4,Each organization because board discuss news have.,2024-11-26
R0155,U0138,P0077,3,Discover address sea full factor.,2024-12-30
R0156,U0013,P0053,1,Hot performance forget response issue history onto.,2025-02-01
R0157,U0196,P0076,5,Pattern like north station own sport.,2024-06-27
R0158,U0059,P0031,1,Where moment amount sing pay whole.,2025-02-22
R0159,U0113,P0099,1,Plan end type already issue national.,2024-07-24
R0160,U0182,P0051,4,Who right shake share woman.,2024-12-19
R0161,U0107,P0096,4,For fight picture do admit onto.,2024-11-12
R0162,U0075,P0061,1,Fund option green course because after investment.,2024-06-16
R0163,U0071,P0005,4,Although least family break spend around difficult husband.,2025-03-26
R0164,U0007,P0004,4,Fear truth gun enough go hard sing.,2024-07-01
R0165,U0016,P0035,2,Guess style anything financial produce.,2025-05-03
R0166,U0047,P0098,5,Great choice will main require foreign last.,2025-02-06
R0167,U0136,P0003,1,Somebody commercial let.,2024-06-08
R0168,U0175,P0034,5,Sister include view best.,2024-07-05
R0169,U0173,P0027,5,Treatment than change scene she.,2024-07-06
R0170,U0192,P0052,5,Government why answer hold series standard catch.,2025-04-19
R0171,U0065,P0039,1,Apply car bar close.,2025-03-31
R0172,U0102,P0073,4,Accept society situation north family through live million.,2025-01-16
R0173,U0108,P0071,1,Country test view hotel pull against ready.,2024-07-05
R0174,U0039,P0039,2,Whatever sell thank step idea.,2024-09-04
R0175,U0104,P0097,4,Inside training the force street ago debate single.,2024-06-29
R0176,U0077,P0009,3,Performance that issue throughout itself wall they.,2025-01-29
R0177,U0114,P0067,2,Above between own prevent design.,2025-03-30
R0178,U0003,P0037,1,Table able pull write blood.,2024-06-10
R0179,U0135,P0073,3,Enter early thank billion newspaper budget put.,2025-04-09
R0180,U0101,P0044,5,Pressure agency me time tough man relationship born.,2024-10-30
R0181,U0076,P0076,3,Laugh claim cup machine discover.,2024-11-02
R0182,U0019,P0068,1,Candidate five remain red mind any.,2025-03-16
R0183,U0187,P0066,5,What expert miss fast baby knowledge.,2025-04-16
R0184,U0066,P0078,2,Themselves fill tree performance.,2024-11-25
R0185,U0142,P0042,1,Manager true start five mention.,2024-07-31
R0186,U0192,P0025,3,Artist employee hot dog cultural task sound idea.,2024-10-28
R0187,U0154,P0031,3,True dog man.,2024-06-10
R0188,U0126,P0041,5,Exactly cold other theory camera term.,2024-08-03
R0189,U0167,P0037,4,Modern expert environmental.,2024-08-17
R0190,U0133,P0010,4,Positive college investment president situation town.,2025-02-07
R0191,U0036,P0038,4,Budget over film or.,2024-12-14
R0192,U0158,P0063,2,Area true price owner game future claim reach.,2024-09-22
R0193,U0114,P0009,5,Stand bill political about various five.,2024-11-13
R0194,U0065,P0090,1,Them imagine determine share produce half opportunity.,2024-06-27
R0195,U0134,P0094,5,Image effort mean.,2024-10-19
R0196,U0043,P0059,3,Civil win baby some late.,2025-01-02
R0197,U0082,P0097,1,Open place service wall draw wide.,2025-03-21
R0198,U0135,P0001,3,Spend significant clearly know prevent.,2024-12-11
R0199,U0184,P0035,2,Forget walk forget artist character.,2025-03-13
R0200,U0006,P0080,5,Thus young reduce about wide exactly.,2024-07-06
R0201,U0103,P0054,1,Wall these sound security road wrong key.,2025-05-27
R0202,U0173,P0063,3,Less choice lawyer force.,2024-08-05
R0203,U0064,P0060,4,Agency while smile adult.,2025-03-28
R0204,U0191,P0028,5,Song card court court level bank condition.,2024-10-17
R0205,U0138,P0014,4,Away page protect could glass fear account.,2024-07-31
R0206,U0162,P0048,3,Score trade describe.,2024-09-30
R0207,U0047,P0026,3,Number war shoulder in much course book.,2024-07-04
R0208,U0139,P0070,1,Nothing front trade likely.,2024-07-15
R0209,U0050,P0050,3,Draw tonight environmental need accept.,2024-12-11
R0210,U0130,P0005,4,Address exist bar responsibility cold.,2024-07-27
R0211,U0022,P0059,3,Science box them.,2025-05-06
R0212,U0051,P0097,5,Who customer something.,2025-05-12
R0213,U0119,P0071,1,Media suggest involve meet onto door every.,2024-10-03
R0214,U0154,P0040,1,Else cover ok campaign fund may part.,2024-08-19
R0215,U0072,P0033,2,Want local government head girl particular determine become.,2025-04-23
R0216,U0034,P0007,3,Animal serious inside stock loss board.,2025-03-10
R0217,U0137,P0070,3,Boy reduce away police politics hand no.,2024-11-30
R0218,U0039,P0025,5,Ask word wind six total determine she.,2024-12-28
R0219,U0166,P0049,1,Them certainly yeah father coach reach tax.,2024-08-03
R0220,U0049,P0084,3,Interview language then wait.,2024-11-03
R0221,U0100,P0005,1,Because sister many Republican per debate week.,2024-10-24
R0222,U0155,P0045,1,Sure hot run inside.,2024-08-14
R0223,U0068,P0073,3,Fish low result store idea south.,2024-07-01
R0224,U0045,P0052,5,Government quality environmental character tell end.,2024-11-18
R0225,U0130,P0099,3,End traditional free build story vote garden his.,2025-03-03
R0226,U0094,P0065,1,Leader police safe administration.,2025-01-24
R0227,U0058,P0008,4,Treat way star.,2024-09-30
R0228,U0198,P0055,4,Even result great identify.,2024-09-11
R0229,U0099,P0089,1,Plan best officer land hospital movement.,2024-12-02
R0230,U0068,P0010,2,Discover cost hit degree.,2024-08-16
R0231,U0040,P0006,4,Then risk hundred whether.,2024-08-25
R0232,U0066,P0087,4,Population community ground young tonight.,2024-11-12
R0233,U0006,P0029,2,Ready respond morning various American very early.,2024-10-24
R0234,U0009,P0098,1,Black drop power wear the recent attorney.,2024-07-08
R0235,U0038,P0067,1,Include know why.,2024-10-24
R0236,U0193,P0032,4,Painting often write language.,2025-05-04
R0237,U0128,P0098,4,Cold no system week oil least far.,2025-03-01
R0238,U0193,P0065,3,Management building past type meet my process.,2025-03-09
R0239,U0121,P0016,2,Hard doctor experience affect room street while.,2024-07-14
R0240,U0080,P0092,5,Buy why will authority this product point.,2025-02-07
R0241,U0086,P0070,5,Agency ok health spring involve ok.,2025-05-10
R0242,U0016,P0026,3,Growth north none provide.,2024-07-15
R0243,U0037,P0029,2,Approach scene hand treatment land standard professional pull.,2025-04-06
R0244,U0068,P0038,1,Series success south water eye under note.,2024-11-21
R0245,U0131,P0062,4,Remain company wrong head news art everything pattern.,2025-01-03
R0246,U0133,P0005,5,Early decade top share actually two.,2025-02-08
R0247,U0156,P0021,5,Guess family man use five plan.,2024-08-10
R0248,U0061,P0081,3,Big beyond house police main win.,2024-08-27
R0249,U0102,P0064,3,Third read religious tend attack relationship medical.,2024-10-04
R0250,U0107,P0061,5,Hundred somebody American put trial simply number.,2024-11-18
R0251,U0028,P0078,5,Everybody quite relationship source college.,2024-08-28
R0252,U0175,P0014,2,Car approach because other only life social.,2024-11-04
R0253,U0011,P0080,1,Break sense fund across local as mission.,2025-05-01
R0254,U0146,P0068,5,Place similar bank exist not themselves.,2025-04-10
R0255,U0056,P0064,5,Bring bag before arrive.,2024-11-11
R0256,U0163,P0081,2,Board rock scientist top always.,2024-09-30
R0257,U0001,P0007,4,Condition allow heavy save final deal movement.,2024-09-26
R0258,U0087,P0068,3,As common evidence stock before.,2024-09-24
R0259,U0174,P0020,4,Expert goal woman direction meet election like.,2024-10-14
R0260,U0076,P0079,4,Himself mention billion try.,2024-11-27
R0261,U0018,P0021,4,Base pressure allow free.,2025-01-20
R0262,U0025,P0061,5,Million yet let make.,2024-11-24
R0263,U0025,P0086,2,Somebody with six manager cell where cover total.,2025-04-28
R0264,U0024,P0060,1,Visit service report condition.,2025-04-19
R0265,U0019,P0024,4,Beyond seem perform no myself however police mean.,2025-05-14
R0266,U0061,P0007,3,Ahead situation everybody rule watch material reflect bad.,2024-08-12
R0267,U0058,P0087,3,East successful law effect these again successful.,2025-04-08
R0268,U0069,P0080,2,Less firm follow since job less everything.,2025-01-02
R0269,U0108,P0006,3,Sign catch big language market card.,2024-10-24
R0270,U0003,P0073,3,Control step speech challenge street.,2024-12-22
R0271,U0089,P0011,4,Quality theory agreement how.,2024-09-18
R0272,U0124,P0090,1,Place land next cause worry to serious.,2025-03-25
R0273,U0171,P0050,5,My loss father shoulder similar choice.,2025-03-01
R0274,U0129,P0064,1,Friend film place interest program way focus.,2025-06-08
R0275,U0138,P0020,4,Much hear series modern yourself my activity.,2025-01-01
R0276,U0071,P0007,1,Pick necessary positive this.,2025-06-04
R0277,U0055,P0066,3,Include far measure expert think skin drop into.,2025-02-18
R0278,U0063,P0079,1,Rock material consider stock mind recent.,2024-09-21
R0279,U0143,P0040,5,Fear know head article inside.,2024-12-28
R0280,U0116,P0086,2,Include control former.,2025-02-15
R0281,U0004,P0083,4,Hard benefit campaign money or dinner show.,2024-12-11
R0282,U0087,P0076,5,More baby do toward.,2025-05-08
R0283,U0113,P0033,5,Standard important forget property help yourself dream security.,2024-08-22
R0284,U0140,P0078,5,Eight fall boy report.,2025-03-27
R0285,U0090,P0059,3,Former hair resource himself young bar play.,2024-12-01
R0286,U0137,P0006,2,Teach church pay agent total plan blood.,2024-10-06
R0287,U0125,P0087,3,Buy democratic wife television.,2024-11-30
R0288,U0080,P0078,4,Down actually else radio pretty real often strategy.,2024-09-23
R0289,U0007,P0004,5,Want almost say friend believe.,2024-10-04
R0290,U0107,P0095,5,Though visit five.,2025-05-22
R0291,U0163,P0010,3,Trip interview local administration cold loss hold.,2024-11-29
R0292,U0122,P0001,3,Available if a member film.,2024-11-28
R0293,U0078,P0014,4,Although expect ten space do stock.,2024-12-10
R0294,U0160,P0041,5,Visit important hour hot financial special.,2024-09-13
R0295,U0077,P0041,4,Hour fine financial financial tree.,2024-09-11
R0296,U0095,P0026,2,Number common walk star everyone most low.,2024-11-05
R0297,U0119,P0040,4,Pressure ten investment trouble before.,2025-02-02
R0298,U0119,P0017,1,Moment enough public democratic only beat agent.,2025-02-25
R0299,U0075,P0070,5,Letter set eye high thought technology.,2025-03-29
R0300,U0114,P0055,5,Eye upon best full two member machine.,2024-08-20
R0301,U0005,P0022,1,North trip artist wrong.,2025-02-24
R0302,U0073,P0033,3,Federal hotel campaign kind face fall might.,2024-09-28
R0303,U0114,P0062,3,Student board raise claim where national help.,2025-04-23
R0304,U0065,P0049,4,Good prevent expert style catch market Republican whether.,2025-04-14
R0305,U0168,P0036,3,Feel there bring.,2025-02-27
R0306,U0164,P0007,4,Break need police ready ready argue give.,2024-07-29
R0307,U0152,P0055,4,Box better against police increase yes response.,2024-08-08
R0308,U0107,P0050,5,Son past surface any.,2024-08-02
R0309,U0085,P0030,4,Test way hospital room.,2024-12-21
R0310,U0016,P0041,3,Market will soldier goal full.,2025-04-26
R0311,U0071,P0013,5,Wonder doctor begin no social simple green.,2025-06-03
R0312,U0011,P0092,3,Realize month wear.,2024-07-07
R0313,U0037,P0033,2,Place start line last fear.,2025-02-14
R0314,U0068,P0011,1,Task once receive suddenly.,2024-06-30
R0315,U0045,P0096,3,Outside enter always project camera develop list.,2024-10-27
R0316,U0113,P0033,3,Part near set.,2025-04-23
R0317,U0094,P0098,1,Discover probably community gun nearly charge fish.,2024-09-27
R0318,U0080,P0037,4,After store others.,2025-04-28
R0319,U0018,P0049,1,Small control manage power natural.,2025-02-03
R0320,U0066,P0048,1,Allow mind goal third best author listen.,2025-03-31
R0321,U0139,P0099,1,Sound seek group factor.,2024-08-05
R0322,U0005,P0087,2,Study economy final blood really candidate.,2024-11-04
R0323,U0200,P0023,2,Use statement network home share.,2024-11-09
R0324,U0054,P0022,1,Today across yes safe.,2024-06-10
R0325,U0080,P0029,1,According blood professor option form move find.,2025-01-20
R0326,U0119,P0037,1,Example result note recent green bill machine.,2025-05-08
R0327,U0024,P0003,1,Environment need color big because series.,2024-09-05
R0328,U0152,P0028,4,Drop real lawyer scene explain race.,2024-06-30
R0329,U0018,P0023,1,Item word person we.,2024-06-08
R0330,U0143,P0067,2,Politics ever around.,2024-06-18
R0331,U0185,P0037,5,Western office she body.,2025-04-09
R0332,U0137,P0071,3,Country mind both.,2024-10-29
R0333,U0167,P0028,3,Teach PM stuff another TV fear coach.,2025-05-05
R0334,U0099,P0059,4,Short training film source marriage describe.,2024-07-29
R0335,U0101,P0021,3,Speech arm listen until that.,2025-01-07
R0336,U0125,P0016,1,Main whole alone property.,2024-08-05
R0337,U0015,P0021,5,Score pass run.,2024-06-25
R0338,U0113,P0006,3,Head talk involve.,2025-06-04
R0339,U0092,P0020,3,Us community food successful model tend economic position.,2024-09-30
R0340,U0093,P0079,1,A month later.,2024-11-13
R0341,U0039,P0055,2,Community will environmental fly.,2025-03-29
R0342,U0053,P0062,4,Pick state the purpose because area boy worry.,2025-04-13
R0343,U0115,P0022,3,Get imagine air within data ok direction.,2024-10-17
R0344,U0062,P0076,4,Agent day leave station move tonight show.,2024-08-26
R0345,U0184,P0018,2,Determine live impact fly technology.,2025-03-12
R0346,U0059,P0024,3,Ten likely beat purpose change improve.,2025-03-13
R0347,U0182,P0053,3,Animal various reflect bring truth leg.,2024-09-12
R0348,U0133,P0016,3,Seek hard do fill low practice believe.,2024-11-29
R0349,U0132,P0075,1,Heavy serve through shoulder field.,2024-06-10
R0350,U0082,P0012,4,Whether see spend ask.,2024-08-14
R0351,U0069,P0072,5,Tv how social those heart.,2025-03-14
R0352,U0099,P0090,2,Do than wonder.,2025-06-06
R0353,U0040,P0047,4,Year drop room thousand despite thousand color.,2025-05-01
R0354,U0038,P0010,4,True environmental summer among recognize.,2024-09-05
R0355,U0180,P0054,4,Hour year how long morning fund.,2024-12-12
R0356,U0186,P0054,4,Stand painting suddenly ten the might.,2025-02-21
R0357,U0087,P0065,4,Number fall family standard tell catch environment.,2025-05-27
R0358,U0174,P0011,5,Enter water stuff.,2025-05-31
R0359,U0153,P0065,1,Network your control off provide order.,2025-03-26
R0360,U0075,P0001,3,Beat and factor oil.,2025-02-04
R0361,U0060,P0070,1,Sort blood participant another.,2025-01-08
R0362,U0052,P0095,5,Last future mind.,2024-11-10
R0363,U0108,P0077,4,Security senior stand nor tell only reveal.,2024-09-17
R0364,U0128,P0046,3,Together game listen nearly stage left treatment.,2025-03-10
R0365,U0016,P0036,2,Through think huge lot guy.,2025-03-12
R0366,U0044,P0071,5,So and former window.,2024-12-20
R0367,U0018,P0008,4,Unit family wait present else cold receive each.,2025-03-12
R0368,U0123,P0095,2,Write sound new water.,2024-11-15
R0369,U0051,P0012,2,Common piece identify after source a.,2025-05-19
R0370,U0055,P0087,5,Personal his pay.,2024-06-17
R0371,U0049,P0039,4,Dog charge nothing go.,2024-07-04
R0372,U0010,P0031,5,Knowledge hand film office century risk be.,2025-01-21
R0373,U0029,P0006,4,Hard improve pressure everyone create point onto.,2025-04-01
R0374,U0136,P0067,3,Medical democratic actually today since late reality.,2024-12-20
R0375,U0025,P0076,3,Identify present quite line could authority machine recent.,2024-11-07
R0376,U0007,P0050,2,Race wait power able maybe.,2024-08-28
R0377,U0144,P0018,4,Imagine floor society behavior measure.,2024-11-03
R0378,U0131,P0073,5,Worker common reality test nice kind safe area.,2025-04-24
R0379,U0164,P0045,2,Several current catch her.,2024-12-30
R0380,U0048,P0051,4,For discuss type miss environmental whom easy.,2024-10-18
R0381,U0116,P0067,1,Try want thus pattern understand.,2025-04-28
R0382,U0149,P0049,5,Work industry card action much.,2024-11-18
R0383,U0198,P0066,2,Forward or reveal draw three notice.,2025-06-01
R0384,U0052,P0088,2,Exactly hold baby stage.,2024-09-18
R0385,U0133,P0040,4,Animal western run.,2024-11-13
R0386,U0070,P0026,1,Push available whether one goal fire.,2025-01-23
R0387,U0160,P0023,1,Minute he recent case information individual.,2025-04-11
R0388,U0062,P0012,1,Road any even option person.,2024-08-11
R0389,U0129,P0084,2,Possible statement their bad.,2024-08-22
R0390,U0106,P0049,4,Structure way memory president.,2024-07-14
R0391,U0032,P0099,4,Sure number think support two very.,2024-06-28
R0392,U0147,P0038,3,Significant himself hear walk benefit.,2025-02-08
R0393,U0193,P0015,4,Learn share actually concern happen local hot.,2024-12-22
R0394,U0054,P0060,5,Dream by bank.,2025-06-07
R0395,U0108,P0056,1,Sea student citizen among.,2025-05-08
R0396,U0179,P0061,3,Tell quite near particular room.,2024-09-08
R0397,U0090,P0095,4,Practice society question resource significant.,2025-04-15
R0398,U0010,P0018,4,Recognize us cause thus sit.,2025-04-13
R0399,U0054,P0037,4,Toward thousand few attorney scene fire.,2024-06-28
R0400,U0117,P0055,1,Return material cell drop.,2025-01-03
R0401,U0180,P0012,5,Until situation beat social technology standard.,2024-07-26
R0402,U0003,P0061,3,Citizen purpose safe meeting.,2024-10-01
R0403,U0118,P0062,1,Range economy prevent change behind create.,2024-12-30
R0404,U0149,P0045,1,Forget suffer option school fine information.,2024-12-06
R0405,U0192,P0044,4,Improve lay society admit.,2024-12-06
R0406,U0079,P0084,5,Wind say write street enough instead ball.,2024-08-31
R0407,U0009,P0037,2,The history wonder certain former main result.,2025-03-10
R0408,U0091,P0016,5,Each financial realize free.,2025-02-21
R0409,U0186,P0039,1,Consumer work sense vote member water example.,2025-03-29
R0410,U0172,P0064,3,Want expert mind east skill Mr still list.,2024-11-17
R0411,U0092,P0088,5,See lay sell.,2025-02-08
R0412,U0189,P0014,2,Among thousand continue sometimes soldier.,2024-10-02
R0413,U0035,P0073,1,Congress check figure knowledge.,2024-11-10
R0414,U0155,P0100,1,Speech ahead address tax no.,2024-10-23
R0415,U0154,P0033,1,Although each spend set benefit guy off.,2024-09-16
R0416,U0116,P0094,2,Later feeling sing region attorney help social.,2024-12-19
R0417,U0131,P0020,4,City view laugh she chair personal responsibility.,2024-07-26
R0418,U0086,P0001,4,Inside material think adult now game condition.,2025-01-18
R0419,U0019,P0094,2,Because indeed tax appear program.,2025-01-31
R0420,U0083,P0063,3,Against manage section feeling century.,2024-08-10
R0421,U0019,P0100,2,After attack world whom many eat relationship.,2025-01-19
R0422,U0145,P0096,4,Never almost result different consumer month spend.,2024-12-30
R0423,U0157,P0061,1,Leader painting live sure letter film job science.,2025-02-15
R0424,U0024,P0044,3,Left heavy project wear or mean.,2025-03-17
R0425,U0007,P0050,5,Blood industry fast within.,2025-03-07
R0426,U0138,P0022,2,North wait job view chance.,2024-11-26
R0427,U0118,P0036,3,Then skin type level industry little clearly college.,2024-11-26
R0428,U0153,P0076,4,Whole measure report still.,2024-07-29
R0429,U0101,P0038,5,Class green represent now car ago.,2025-06-05
R0430,U0067,P0036,3,Allow meeting reveal trial certain analysis throw fly.,2024-11-10
R0431,U0118,P0044,1,Anyone case art much.,2024-07-18
R0432,U0149,P0092,5,Understand left same part.,2024-07-06
R0433,U0029,P0078,1,Pass claim force require watch.,2025-01-15
R0434,U0194,P0058,5,Mean food factor market life.,2024-10-25
R0435,U0181,P0013,1,Rock land debate baby.,2024-06-08
R0436,U0032,P0033,1,Wall level offer international statement word parent shake.,2024-07-25
R0437,U0110,P0098,4,Owner it rate he book home own adult.,2024-08-24
R0438,U0128,P0070,4,Win outside race seat try tonight.,2024-10-10
R0439,U0139,P0081,1,Traditional remember by win condition.,2024-09-19
R0440,U0055,P0006,4,Turn discuss along upon where.,2025-01-09
R0441,U0029,P0076,4,Stay color although city billion good true.,2024-06-10
R0442,U0140,P0084,4,Action listen hope yourself baby year.,2025-01-14
R0443,U0079,P0064,2,Since move benefit.,2024-08-24
R0444,U0004,P0035,1,Attention establish his strategy company region.,2024-09-11
R0445,U0052,P0038,5,Health trade fish include reality development nor.,2025-04-06
R0446,U0067,P0040,5,Drug cost area kitchen level action.,2024-07-10
R0447,U0082,P0005,3,Several data growth why good travel voice.,2024-12-30
R0448,U0026,P0086,2,Much court impact start.,2024-07-08
R0449,U0035,P0044,1,Behind degree peace pay history movement task.,2024-11-27
R0450,U0137,P0013,4,Total technology better interesting lot painting wide cup.,2024-06-11
R0451,U0119,P0042,1,Thousand success discover quickly.,2025-01-19
R0452,U0138,P0045,3,Article approach start.,2025-03-12
R0453,U0009,P0012,2,Mind rest million six send they pay.,2025-04-16
R0454,U0055,P0037,5,Human serve real machine trade perform it.,2025-05-12
R0455,U0108,P0008,2,Suffer always serious main term.,2024-06-10
R0456,U0196,P0095,5,Manager million administration raise pressure kid form manager.,2024-07-22
R0457,U0058,P0090,3,Through read require early blood less offer.,2024-11-05
R0458,U0172,P0100,3,Particular sure sometimes sure after send thought.,2025-03-28
R0459,U0068,P0054,2,Accept she wear forget.,2025-01-10
R0460,U0087,P0007,1,Save perform great expert unit less ready.,2025-03-08
R0461,U0091,P0057,5,Find Congress artist.,2025-05-20
R0462,U0172,P0009,5,Summer part just side.,2024-06-17
R0463,U0154,P0095,3,Medical mean machine.,2025-05-05
R0464,U0167,P0004,4,During population design middle.,2024-11-21
R0465,U0162,P0063,2,White later beyond outside player think court.,2024-12-31
R0466,U0093,P0092,2,Of enough toward center series.,2024-12-22
R0467,U0067,P0002,1,Rule whose hit hold.,2024-10-18
R0468,U0049,P0044,4,Question foot watch what.,2024-08-06
R0469,U0033,P0055,5,Moment move pressure free head.,2025-02-15
R0470,U0172,P0054,4,Describe difficult strong success tonight reason.,2025-01-09
R0471,U0073,P0097,3,Girl possible statement second natural assume.,2024-12-29
R0472,U0017,P0048,3,Democrat join three follow.,2025-04-17
R0473,U0091,P0045,1,Happy line local successful truth.,2024-12-13
R0474,U0181,P0096,1,Detail while student key particular.,2024-09-05
R0475,U0159,P0070,5,Lay economic car.,2024-08-08
R0476,U0068,P0096,3,Guess indeed responsibility page.,2024-11-06
R0477,U0063,P0013,5,Particular appear end both level.,2024-06-28
R0478,U0011,P0096,4,Business others able she simply.,2024-07-01
R0479,U0049,P0017,1,Middle start traditional expert theory.,2024-08-23
R0480,U0097,P0049,4,Democrat everybody course soon child.,2025-01-26
R0481,U0180,P0023,4,Image tough them continue should.,2024-08-30
R0482,U0131,P0030,2,Design war contain begin.,2024-09-21
R0483,U0007,P0081,3,Yard no green range ever college common.,2024-09-17
R0484,U0005,P0022,5,Central left president model budget.,2024-07-24
R0485,U0001,P0086,4,Place present begin letter night.,2025-01-08
R0486,U0005,P0058,4,Professor return do sea.,2025-05-26
R0487,U0106,P0099,2,Suggest lot behavior once prepare act.,2024-10-15
R0488,U0040,P0001,1,Early focus pull strategy explain medical.,2024-07-30
R0489,U0033,P0031,3,Cold cost big prepare.,2024-10-16
R0490,U0134,P0084,5,Sport hot win past hand drop inside drop.,2024-08-11
R0491,U0169,P0064,3,Easy phone identify admit turn.,2025-02-09
R0492,U0096,P0061,3,From grow kind face specific two.,2024-08-20
R0493,U0199,P0031,3,Right institution father.,2025-04-03
R0494,U0104,P0084,4,Parent better or lead certainly education money.,2025-04-29
R0495,U0100,P0091,1,Stay let cut style factor activity trip.,2025-06-02
R0496,U0031,P0022,4,Now million against blood whether life tell health.,2025-02-28
R0497,U0198,P0067,4,Who play once player focus.,2025-05-28
R0498,U0026,P0075,2,Energy look firm education since story surface.,2025-03-15
R0499,U0055,P0040,3,Religious week director themselves receive often imagine.,2024-10-25
R0500,U0178,P0079,2,Foreign determine move necessary soon know.,2024-12-18
R0501,U0097,P0087,4,Concern happen accept somebody reality.,2024-08-18
R0502,U0071,P0063,1,Instead available contain anyone garden half.,2025-03-18
R0503,U0184,P0073,1,Either grow happen reduce.,2024-10-31
R0504,U0037,P0028,5,Any would couple fill itself.,2025-05-23
R0505,U0188,P0067,5,East economic stuff miss guy break matter.,2025-03-11
R0506,U0063,P0085,4,History water father thing.,2025-03-13
R0507,U0185,P0086,4,Stuff analysis doctor cup.,2024-11-27
R0508,U0175,P0045,1,Friend against end through from begin serve play.,2025-03-19
R0509,U0121,P0051,2,Product entire plan under.,2025-05-04
R0510,U0116,P0085,3,Woman thing image stock tonight authority.,2025-06-08
R0511,U0066,P0063,2,First develop police visit whole way.,2025-03-02
R0512,U0025,P0034,2,Measure live local with.,2024-06-13
R0513,U0111,P0038,4,Argue understand seem hard pass.,2025-04-08
R0514,U0163,P0035,2,Small bring international value manage kid.,2024-09-22
R0515,U0090,P0045,4,These Mrs wear serve even bit.,2024-10-25
R0516,U0004,P0060,5,Specific too person building probably per.,2025-04-08
R0517,U0045,P0056,3,Class fund data scientist some threat.,2025-04-16
R0518,U0126,P0090,3,Physical finally let both against every get.,2024-07-09
R0519,U0129,P0074,3,Course purpose under trouble.,2025-02-10
R0520,U0082,P0085,3,Wall no space wear affect response report.,2025-05-27
R0521,U0163,P0013,3,Pm quality well person.,2024-09-28
R0522,U0164,P0030,2,Let capital town save long.,2024-07-15
R0523,U0050,P0075,2,Street art man shoulder.,2025-05-09
R0524,U0099,P0022,1,Nation reality consider.,2025-03-13
R0525,U0126,P0064,2,Look amount today its.,2024-09-14
R0526,U0111,P0028,1,Long action hope how style.,2024-10-31
R0527,U0072,P0011,4,I still election lawyer attorney baby while.,2025-05-19
R0528,U0146,P0001,1,According size more car people.,2024-08-23
R0529,U0086,P0072,4,Truth none eat make prevent tonight.,2024-08-21
R0530,U0199,P0073,3,Sign community fire family local.,2025-02-03
R0531,U0054,P0031,2,Enjoy begin song exactly general.,2024-08-13
R0532,U0006,P0086,3,Director indeed future teacher particular wide people.,2025-01-09
R0533,U0162,P0032,5,To have work spring service seem war.,2025-01-08
R0534,U0171,P0014,3,Compare after past usually probably line stay.,2025-01-08
R0535,U0017,P0040,1,Security book from possible surface subject will.,2025-04-03
R0536,U0199,P0091,3,Recent often significant.,2025-05-03
R0537,U0113,P0036,1,Perform population buy country make radio law.,2025-03-08
R0538,U0082,P0057,2,Between miss kid dinner baby issue light.,2024-10-24
R0539,U0017,P0040,3,Wear dark street without special.,2024-12-28
R0540,U0107,P0014,1,Second professor sea.,2025-06-07
R0541,U0173,P0043,2,Start travel actually.,2024-12-09
R0542,U0156,P0059,1,Relate yard fine hot laugh maintain.,2025-06-06
R0543,U0103,P0052,3,Attention education hospital stop board during song.,2024-07-19
R0544,U0113,P0060,3,Fight son glass western responsibility.,2025-03-30
R0545,U0093,P0093,2,Huge bill smile possible establish wish democratic.,2024-12-30
R0546,U0183,P0002,3,Although over point word.,2025-01-08
R0547,U0081,P0079,2,On low send read manager.,2025-04-21
R0548,U0062,P0014,4,Develop century vote do understand.,2025-05-16
R0549,U0144,P0096,5,Word performance eye crime subject operation west.,2024-08-31
R0550,U0011,P0019,5,Actually myself operation less north activity unit.,2024-10-27
R0551,U0172,P0071,1,Dream must painting necessary.,2025-01-16
R0552,U0130,P0001,3,Prevent human game personal guess choice again.,2025-01-13
R0553,U0043,P0043,4,Serve cover establish college from between late.,2024-06-29
R0554,U0078,P0014,2,Hour stand majority one feel nice person now.,2025-02-12
R0555,U0142,P0024,5,Agency member everything skill air project.,2024-08-17
R0556,U0136,P0095,3,Stand available lead could throughout total.,2025-05-28
R0557,U0026,P0097,5,Back discussion computer realize doctor standard remember during.,2024-12-22
R0558,U0006,P0097,3,Hard cover wife kind field professional weight.,2024-07-11
R0559,U0127,P0042,5,Project add red present.,2024-08-01
R0560,U0058,P0076,2,Difficult experience rather option almost quickly significant.,2024-10-20
R0561,U0065,P0046,3,Soon mention model science your assume me ok.,2024-09-01
R0562,U0109,P0044,5,Piece walk involve impact trial scientist.,2024-10-28
R0563,U0042,P0049,3,Class health doctor tell democratic father man.,2025-03-28
R0564,U0139,P0002,3,Whatever white tend company trial gas.,2025-04-20
R0565,U0144,P0031,4,Include throw likely respond quality.,2024-06-16
R0566,U0113,P0100,1,Share exist suffer cold far exactly.,2025-02-23
R0567,U0115,P0005,4,Fish home fund former.,2024-07-05
R0568,U0098,P0047,1,Couple born pay truth event great church three.,2025-03-03
R0569,U0001,P0042,4,Of Democrat attack if across.,2025-05-26
R0570,U0133,P0024,2,Behavior here new computer executive may resource.,2024-11-01
R0571,U0183,P0065,1,Different law director almost.,2025-01-03
R0572,U0103,P0082,1,Ability fact movie story chance.,2024-09-30
R0573,U0198,P0020,2,Audience simple prepare language.,2024-07-25
R0574,U0035,P0052,5,Use attorney simple organization.,2024-12-12
R0575,U0193,P0001,1,For family heavy.,2024-07-15
R0576,U0076,P0003,1,Law away political message.,2025-03-06
R0577,U0181,P0032,1,Simply hair property sea wall government stand.,2025-03-01
R0578,U0102,P0076,2,Kind then federal executive.,2025-01-29
R0579,U0042,P0073,3,International check image before case herself.,2025-03-02
R0580,U0069,P0040,2,Friend record season under brother.,2025-03-22
R0581,U0006,P0080,2,Church science store.,2024-11-20
R0582,U0065,P0099,4,Between home him.,2024-12-13
R0583,U0113,P0021,1,Marriage outside again skill pretty beyond tell.,2024-11-17
R0584,U0134,P0049,4,Among different product true.,2024-10-16
R0585,U0170,P0040,3,Deal report skin.,2024-11-22
R0586,U0148,P0055,3,Above tax threat ten heavy fall.,2025-04-18
R0587,U0066,P0020,5,Surface expert into.,2024-11-24
R0588,U0179,P0094,1,According generation first stop.,2025-03-07
R0589,U0138,P0065,1,Page will authority describe view.,2024-10-23
R0590,U0191,P0052,1,Room year food.,2025-01-31
R0591,U0186,P0008,4,Spring sign heart huge simply arm argue.,2025-03-01
R0592,U0148,P0089,4,Law nothing interview meet scientist next enjoy.,2025-05-20
R0593,U0045,P0037,4,Administration catch total bag early term plan.,2024-10-14
R0594,U0003,P0024,1,Throughout number program author range city light.,2024-12-05
R0595,U0142,P0039,5,Threat serious magazine apply.,2024-08-16
R0596,U0037,P0027,4,Be picture compare.,2024-11-27
R0597,U0008,P0098,3,Test necessary green ask.,2025-01-13
R0598,U0135,P0098,4,Environmental fund use attack rather information.,2025-05-20
R0599,U0164,P0075,1,Product after hotel them.,2025-04-07
R0600,U0191,P0099,2,Value coach on base kid third whose.,2024-09-13
